-- phpMyAdmin SQL Dump
-- version 5.2.1
-- https://www.phpmyadmin.net/
--
-- Host: 127.0.0.1
-- Generation Time: Oct 17, 2025 at 05:55 AM
-- Server version: 10.4.32-MariaDB
-- PHP Version: 8.2.12

SET SQL_MODE = "NO_AUTO_VALUE_ON_ZERO";
START TRANSACTION;
SET time_zone = "+00:00";


/*!40101 SET @OLD_CHARACTER_SET_CLIENT=@@CHARACTER_SET_CLIENT */;
/*!40101 SET @OLD_CHARACTER_SET_RESULTS=@@CHARACTER_SET_RESULTS */;
/*!40101 SET @OLD_COLLATION_CONNECTION=@@COLLATION_CONNECTION */;
/*!40101 SET NAMES utf8mb4 */;

--
-- Database: `lecs_gis`
--

-- --------------------------------------------------------

--
-- Table structure for table `event_calendar`
--

CREATE TABLE `event_calendar` (
  `id` int(11) NOT NULL,
  `title` varchar(255) NOT NULL,
  `date` date NOT NULL,
  `end_date` date NOT NULL,
  `start_time` time NOT NULL,
  `event_details` varchar(255) DEFAULT NULL
) ENGINE=InnoDB DEFAULT CHARSET=utf8mb4 COLLATE=utf8mb4_general_ci;

--
-- Dumping data for table `event_calendar`
--

INSERT INTO `event_calendar` (`id`, `title`, `date`, `end_date`, `start_time`, `event_details`) VALUES
(11, 'bday', '2025-12-05', '2025-12-05', '13:00:00', 'Me'),
(14, 'Back to School', '2025-08-11', '2025-08-12', '02:00:00', 'Back to Eskwela'),
(25, 'Kristine\'s bday!', '2025-09-26', '2025-09-26', '00:00:00', 'Kristine\'s birthday!!!!'),
(26, 'system proposals', '2025-08-26', '2025-08-27', '14:20:00', 'testing'),
(28, 'sample1', '2025-08-19', '2025-08-19', '14:25:00', 'sample'),
(30, 'bday', '2025-12-12', '2025-12-12', '00:00:00', 'Madel'),
(33, 'INTRAMS', '2025-09-24', '2025-09-25', '08:00:00', 'BUP Intramurals'),
(35, 'Check System', '2025-09-23', '2025-09-23', '10:00:00', 'Check System'),
(36, 'Evaluation', '2025-09-23', '2025-09-24', '13:00:00', 'Evaluate System '),
(37, 'Double Check', '2025-09-22', '2025-09-22', '10:00:00', 'Double Check the System'),
(38, 'Final Defense', '2025-11-04', '2025-11-07', '08:00:00', 'Final Defense for BS Information System');

-- --------------------------------------------------------

--
-- Table structure for table `grades`
--

CREATE TABLE `grades` (
  `grade_id` int(11) NOT NULL,
  `pupil_id` int(11) NOT NULL,
  `subject_id` int(11) NOT NULL,
  `quarter` enum('Q1','Q2','Q3','Q4') NOT NULL,
  `grade` int(3) NOT NULL,
  `sy_id` int(11) NOT NULL
) ENGINE=InnoDB DEFAULT CHARSET=utf8mb4 COLLATE=utf8mb4_general_ci;

--
-- Dumping data for table `grades`
--

INSERT INTO `grades` (`grade_id`, `pupil_id`, `subject_id`, `quarter`, `grade`, `sy_id`) VALUES
(5629, 964, 30, 'Q1', 90, 14),
(5630, 1023, 49, 'Q1', 80, 13),
(5632, 1023, 49, 'Q2', 82, 13),
(5633, 1023, 49, 'Q3', 82, 13),
(5634, 1023, 49, 'Q4', 83, 13),
(5635, 1023, 55, 'Q1', 80, 13),
(5636, 1023, 55, 'Q2', 99, 13),
(5637, 1023, 55, 'Q3', 99, 13),
(5638, 1023, 55, 'Q4', 99, 13),
(5639, 1023, 48, 'Q1', 99, 13),
(5640, 1023, 48, 'Q2', 99, 13),
(5641, 1023, 48, 'Q3', 99, 13),
(5642, 1023, 48, 'Q4', 99, 13),
(5643, 1023, 3, 'Q1', 99, 13),
(5644, 1023, 3, 'Q2', 99, 13),
(5645, 1023, 3, 'Q3', 99, 13),
(5646, 1023, 3, 'Q4', 99, 13),
(5647, 1023, 51, 'Q1', 99, 13),
(5648, 1023, 51, 'Q2', 99, 13),
(5649, 1023, 51, 'Q3', 99, 13),
(5650, 1023, 51, 'Q4', 99, 13),
(5651, 1023, 52, 'Q1', 99, 13),
(5652, 1023, 52, 'Q2', 82, 13),
(5653, 1023, 52, 'Q3', 99, 13),
(5654, 1023, 52, 'Q4', 99, 13),
(5655, 1023, 53, 'Q1', 99, 13),
(5656, 1023, 53, 'Q2', 82, 13),
(5657, 1023, 53, 'Q3', 83, 13),
(5658, 1023, 53, 'Q4', 99, 13),
(5659, 1023, 54, 'Q1', 99, 13),
(5660, 1023, 54, 'Q2', 81, 13),
(5661, 1023, 54, 'Q3', 83, 13),
(5662, 1023, 54, 'Q4', 99, 13),
(5663, 1023, 5, 'Q1', 99, 13),
(5664, 1023, 5, 'Q2', 82, 13),
(5665, 1023, 5, 'Q3', 83, 13),
(5666, 1023, 5, 'Q4', 99, 13),
(5667, 1023, 37, 'Q1', 99, 13),
(5668, 1023, 37, 'Q2', 81, 13),
(5669, 1023, 37, 'Q3', 82, 13),
(5670, 1023, 37, 'Q4', 99, 13),
(5671, 1023, 31, 'Q1', 99, 13),
(5672, 1023, 31, 'Q2', 81, 13),
(5673, 1023, 31, 'Q3', 99, 13),
(5674, 1023, 31, 'Q4', 99, 13),
(6291, 932, 57, 'Q1', 86, 13),
(6292, 932, 57, 'Q2', 99, 13),
(6293, 932, 57, 'Q3', 99, 13),
(6294, 932, 57, 'Q4', 92, 13),
(6295, 932, 59, 'Q1', 88, 13),
(6296, 932, 59, 'Q2', 99, 13),
(6297, 932, 59, 'Q3', 99, 13),
(6298, 932, 59, 'Q4', 93, 13),
(6299, 932, 58, 'Q1', 86, 13),
(6300, 932, 58, 'Q2', 99, 13),
(6301, 932, 58, 'Q3', 99, 13),
(6302, 932, 58, 'Q4', 90, 13),
(6303, 932, 56, 'Q1', 86, 13),
(6304, 932, 56, 'Q2', 99, 13),
(6305, 932, 56, 'Q3', 99, 13),
(6306, 932, 56, 'Q4', 90, 13),
(6307, 932, 4, 'Q1', 86, 13),
(6308, 932, 4, 'Q2', 99, 13),
(6309, 932, 4, 'Q3', 99, 13),
(6310, 932, 4, 'Q4', 91, 13),
(6311, 932, 61, 'Q1', 99, 13),
(6312, 932, 61, 'Q2', 99, 13),
(6313, 932, 61, 'Q3', 90, 13),
(6314, 932, 61, 'Q4', 92, 13),
(6315, 932, 62, 'Q1', 90, 13),
(6316, 932, 62, 'Q2', 91, 13),
(6317, 932, 62, 'Q3', 92, 13),
(6318, 932, 62, 'Q4', 93, 13),
(6319, 932, 63, 'Q1', 90, 13),
(6320, 932, 63, 'Q2', 91, 13),
(6321, 932, 63, 'Q3', 93, 13),
(6322, 932, 63, 'Q4', 95, 13),
(6323, 932, 64, 'Q1', 89, 13),
(6324, 932, 64, 'Q2', 89, 13),
(6325, 932, 64, 'Q3', 91, 13),
(6326, 932, 64, 'Q4', 93, 13),
(6327, 932, 13, 'Q1', 82, 13),
(6328, 932, 13, 'Q2', 84, 13),
(6329, 932, 13, 'Q3', 85, 13),
(6330, 932, 13, 'Q4', 88, 13),
(6331, 932, 32, 'Q1', 83, 13),
(6332, 932, 32, 'Q2', 83, 13),
(6333, 932, 32, 'Q3', 87, 13),
(6334, 932, 32, 'Q4', 88, 13),
(6467, 933, 57, 'Q1', 87, 13),
(6468, 933, 57, 'Q2', 88, 13),
(6469, 933, 57, 'Q3', 90, 13),
(6470, 933, 57, 'Q4', 92, 13),
(6471, 933, 59, 'Q1', 89, 13),
(6472, 933, 59, 'Q2', 92, 13),
(6473, 933, 59, 'Q3', 93, 13),
(6474, 933, 59, 'Q4', 94, 13),
(6475, 933, 58, 'Q1', 88, 13),
(6476, 933, 58, 'Q2', 89, 13),
(6477, 933, 58, 'Q3', 92, 13),
(6478, 933, 58, 'Q4', 93, 13),
(6479, 933, 56, 'Q1', 86, 13),
(6480, 933, 56, 'Q2', 87, 13),
(6481, 933, 56, 'Q3', 89, 13),
(6482, 933, 56, 'Q4', 90, 13),
(6483, 933, 4, 'Q1', 88, 13),
(6484, 933, 4, 'Q2', 89, 13),
(6485, 933, 4, 'Q3', 90, 13),
(6486, 933, 4, 'Q4', 92, 13),
(6487, 933, 61, 'Q1', 87, 13),
(6488, 933, 61, 'Q2', 90, 13),
(6489, 933, 61, 'Q3', 93, 13),
(6490, 933, 61, 'Q4', 95, 13),
(6491, 933, 62, 'Q1', 91, 13),
(6492, 933, 62, 'Q2', 92, 13),
(6493, 933, 62, 'Q3', 94, 13),
(6494, 933, 62, 'Q4', 95, 13),
(6495, 933, 63, 'Q1', 88, 13),
(6496, 933, 63, 'Q2', 90, 13),
(6497, 933, 63, 'Q3', 92, 13),
(6498, 933, 63, 'Q4', 95, 13),
(6499, 933, 64, 'Q1', 89, 13),
(6500, 933, 64, 'Q2', 89, 13),
(6501, 933, 64, 'Q3', 91, 13),
(6502, 933, 64, 'Q4', 93, 13),
(6503, 933, 13, 'Q1', 83, 13),
(6504, 933, 13, 'Q2', 83, 13),
(6505, 933, 13, 'Q3', 87, 13),
(6506, 933, 13, 'Q4', 89, 13),
(6507, 933, 32, 'Q1', 83, 13),
(6508, 933, 32, 'Q2', 84, 13),
(6509, 933, 32, 'Q3', 88, 13),
(6510, 933, 32, 'Q4', 89, 13),
(6511, 934, 57, 'Q1', 87, 13),
(6512, 934, 57, 'Q2', 88, 13),
(6513, 934, 57, 'Q3', 90, 13),
(6514, 934, 57, 'Q4', 90, 13),
(6515, 934, 59, 'Q1', 88, 13),
(6516, 934, 59, 'Q2', 90, 13),
(6517, 934, 59, 'Q3', 90, 13),
(6518, 934, 59, 'Q4', 91, 13),
(6519, 934, 58, 'Q1', 88, 13),
(6520, 934, 58, 'Q2', 88, 13),
(6521, 934, 58, 'Q3', 89, 13),
(6522, 934, 58, 'Q4', 90, 13),
(6523, 934, 56, 'Q1', 88, 13),
(6524, 934, 56, 'Q2', 89, 13),
(6525, 934, 56, 'Q3', 90, 13),
(6526, 934, 56, 'Q4', 90, 13),
(6527, 934, 4, 'Q1', 85, 13),
(6528, 934, 4, 'Q2', 88, 13),
(6529, 934, 4, 'Q3', 89, 13),
(6530, 934, 4, 'Q4', 90, 13),
(6531, 934, 61, 'Q1', 88, 13),
(6532, 934, 61, 'Q2', 90, 13),
(6533, 934, 61, 'Q3', 92, 13),
(6534, 934, 61, 'Q4', 92, 13),
(6535, 934, 62, 'Q1', 90, 13),
(6536, 934, 62, 'Q2', 91, 13),
(6537, 934, 62, 'Q3', 92, 13),
(6538, 934, 62, 'Q4', 93, 13),
(6539, 934, 63, 'Q1', 90, 13),
(6540, 934, 63, 'Q2', 89, 13),
(6541, 934, 63, 'Q3', 92, 13),
(6542, 934, 63, 'Q4', 93, 13),
(6543, 934, 64, 'Q1', 88, 13),
(6544, 934, 64, 'Q2', 89, 13),
(6545, 934, 64, 'Q3', 91, 13),
(6546, 934, 64, 'Q4', 92, 13),
(6547, 934, 13, 'Q1', 82, 13),
(6548, 934, 13, 'Q2', 83, 13),
(6549, 934, 13, 'Q3', 85, 13),
(6550, 934, 13, 'Q4', 86, 13),
(6551, 934, 32, 'Q1', 83, 13),
(6552, 934, 32, 'Q2', 85, 13),
(6553, 934, 32, 'Q3', 87, 13),
(6554, 934, 32, 'Q4', 88, 13),
(6555, 935, 57, 'Q1', 80, 13),
(6556, 935, 57, 'Q2', 78, 13),
(6557, 935, 57, 'Q3', 80, 13),
(6558, 935, 57, 'Q4', 83, 13),
(6559, 935, 59, 'Q1', 83, 13),
(6560, 935, 59, 'Q2', 81, 13),
(6561, 935, 59, 'Q3', 81, 13),
(6562, 935, 59, 'Q4', 86, 13),
(6563, 935, 58, 'Q1', 79, 13),
(6564, 935, 58, 'Q2', 76, 13),
(6565, 935, 58, 'Q3', 78, 13),
(6566, 935, 58, 'Q4', 81, 13),
(6567, 935, 56, 'Q1', 78, 13),
(6568, 935, 56, 'Q2', 78, 13),
(6569, 935, 56, 'Q3', 78, 13),
(6570, 935, 56, 'Q4', 79, 13),
(6571, 935, 4, 'Q1', 79, 13),
(6572, 935, 4, 'Q2', 79, 13),
(6573, 935, 4, 'Q3', 81, 13),
(6574, 935, 4, 'Q4', 83, 13),
(6575, 935, 61, 'Q1', 81, 13),
(6576, 935, 61, 'Q2', 83, 13),
(6577, 935, 61, 'Q3', 85, 13),
(6578, 935, 61, 'Q4', 87, 13),
(6579, 935, 62, 'Q1', 86, 13),
(6580, 935, 62, 'Q2', 87, 13),
(6581, 935, 62, 'Q3', 88, 13),
(6582, 935, 62, 'Q4', 90, 13),
(6583, 935, 63, 'Q1', 85, 13),
(6584, 935, 63, 'Q2', 92, 13),
(6585, 935, 63, 'Q3', 89, 13),
(6586, 935, 63, 'Q4', 90, 13),
(6587, 935, 64, 'Q1', 86, 13),
(6588, 935, 64, 'Q2', 86, 13),
(6589, 935, 64, 'Q3', 84, 13),
(6590, 935, 64, 'Q4', 86, 13),
(6591, 935, 13, 'Q1', 78, 13),
(6592, 935, 13, 'Q2', 78, 13),
(6593, 935, 13, 'Q3', 77, 13),
(6594, 935, 13, 'Q4', 79, 13),
(6595, 935, 32, 'Q1', 77, 13),
(6596, 935, 32, 'Q2', 76, 13),
(6597, 935, 32, 'Q3', 82, 13),
(6598, 935, 32, 'Q4', 85, 13),
(6599, 937, 57, 'Q1', 91, 13),
(6600, 937, 57, 'Q2', 90, 13),
(6601, 937, 57, 'Q3', 92, 13),
(6602, 937, 57, 'Q4', 93, 13),
(6603, 937, 59, 'Q1', 91, 13),
(6604, 937, 59, 'Q2', 90, 13),
(6605, 937, 59, 'Q3', 93, 13),
(6606, 937, 59, 'Q4', 95, 13),
(6607, 937, 58, 'Q1', 90, 13),
(6608, 937, 58, 'Q2', 90, 13),
(6609, 937, 58, 'Q3', 92, 13),
(6610, 937, 58, 'Q4', 93, 13),
(6611, 937, 56, 'Q1', 91, 13),
(6612, 937, 56, 'Q2', 92, 13),
(6613, 937, 56, 'Q3', 93, 13),
(6614, 937, 56, 'Q4', 93, 13),
(6615, 937, 4, 'Q1', 92, 13),
(6616, 937, 4, 'Q2', 93, 13),
(6617, 937, 4, 'Q3', 94, 13),
(6618, 937, 4, 'Q4', 95, 13),
(6619, 937, 61, 'Q1', 90, 13),
(6620, 937, 61, 'Q2', 92, 13),
(6621, 937, 61, 'Q3', 93, 13),
(6622, 937, 61, 'Q4', 95, 13),
(6623, 937, 62, 'Q1', 90, 13),
(6624, 937, 62, 'Q2', 92, 13),
(6625, 937, 62, 'Q3', 94, 13),
(6626, 937, 62, 'Q4', 94, 13),
(6627, 937, 63, 'Q1', 90, 13),
(6628, 937, 63, 'Q2', 93, 13),
(6629, 937, 63, 'Q3', 93, 13),
(6630, 937, 63, 'Q4', 94, 13),
(6631, 937, 64, 'Q1', 91, 13),
(6632, 937, 64, 'Q2', 92, 13),
(6633, 937, 64, 'Q3', 95, 13),
(6634, 937, 64, 'Q4', 95, 13),
(6635, 937, 13, 'Q1', 90, 13),
(6636, 937, 13, 'Q2', 91, 13),
(6637, 937, 13, 'Q3', 92, 13),
(6638, 937, 13, 'Q4', 93, 13),
(6639, 937, 32, 'Q1', 91, 13),
(6640, 937, 32, 'Q2', 89, 13),
(6641, 937, 32, 'Q3', 92, 13),
(6642, 937, 32, 'Q4', 93, 13),
(6643, 938, 57, 'Q1', 90, 13),
(6645, 938, 57, 'Q2', 85, 13),
(6646, 939, 57, 'Q1', 86, 13),
(6647, 939, 57, 'Q2', 88, 13),
(6648, 939, 57, 'Q3', 89, 13),
(6649, 939, 57, 'Q4', 89, 13),
(6650, 939, 59, 'Q1', 88, 13),
(6651, 939, 59, 'Q2', 88, 13),
(6652, 939, 59, 'Q3', 90, 13),
(6653, 939, 59, 'Q4', 91, 13),
(6654, 939, 58, 'Q1', 83, 13),
(6655, 939, 58, 'Q2', 85, 13),
(6656, 939, 58, 'Q3', 88, 13),
(6657, 939, 58, 'Q4', 90, 13),
(6658, 939, 56, 'Q1', 85, 13),
(6659, 939, 56, 'Q2', 87, 13),
(6660, 939, 56, 'Q3', 89, 13),
(6661, 939, 56, 'Q4', 89, 13),
(6662, 939, 4, 'Q1', 85, 13),
(6663, 939, 4, 'Q2', 86, 13),
(6664, 939, 4, 'Q3', 88, 13),
(6665, 939, 4, 'Q4', 90, 13),
(6666, 939, 61, 'Q1', 87, 13),
(6667, 939, 61, 'Q2', 89, 13),
(6668, 939, 61, 'Q3', 90, 13),
(6669, 939, 61, 'Q4', 93, 13),
(6670, 939, 62, 'Q1', 88, 13),
(6671, 939, 62, 'Q2', 90, 13),
(6672, 939, 62, 'Q3', 92, 13),
(6673, 939, 62, 'Q4', 92, 13),
(6674, 939, 63, 'Q1', 89, 13),
(6675, 939, 63, 'Q2', 90, 13),
(6676, 939, 63, 'Q3', 92, 13),
(6677, 939, 63, 'Q4', 93, 13),
(6678, 939, 64, 'Q1', 89, 13),
(6679, 939, 64, 'Q2', 90, 13),
(6680, 939, 64, 'Q3', 92, 13),
(6681, 939, 64, 'Q4', 94, 13),
(6682, 939, 13, 'Q1', 83, 13),
(6683, 939, 13, 'Q2', 84, 13),
(6684, 939, 13, 'Q3', 85, 13),
(6685, 939, 13, 'Q4', 86, 13),
(6686, 939, 32, 'Q1', 84, 13),
(6687, 939, 32, 'Q2', 83, 13),
(6688, 939, 32, 'Q3', 85, 13),
(6689, 939, 32, 'Q4', 86, 13),
(6690, 940, 57, 'Q1', 84, 13),
(6692, 940, 57, 'Q2', 85, 13),
(6695, 940, 57, 'Q3', 87, 13),
(6696, 940, 57, 'Q4', 89, 13),
(6697, 940, 59, 'Q1', 88, 13),
(6698, 940, 59, 'Q2', 89, 13),
(6699, 940, 59, 'Q3', 91, 13),
(6700, 940, 59, 'Q4', 92, 13),
(6701, 940, 58, 'Q1', 85, 13),
(6702, 940, 58, 'Q2', 84, 13),
(6703, 940, 58, 'Q3', 88, 13),
(6704, 940, 58, 'Q4', 90, 13),
(6705, 940, 56, 'Q1', 85, 13),
(6706, 940, 56, 'Q2', 86, 13),
(6707, 940, 56, 'Q3', 88, 13),
(6708, 940, 56, 'Q4', 88, 13),
(6709, 940, 4, 'Q1', 85, 13),
(6710, 940, 4, 'Q2', 86, 13),
(6711, 940, 4, 'Q3', 88, 13),
(6712, 940, 4, 'Q4', 90, 13),
(6713, 940, 61, 'Q1', 87, 13),
(6714, 940, 61, 'Q2', 89, 13),
(6715, 940, 61, 'Q3', 92, 13),
(6716, 940, 61, 'Q4', 94, 13),
(6717, 940, 62, 'Q1', 88, 13),
(6718, 940, 62, 'Q2', 90, 13),
(6719, 940, 62, 'Q3', 91, 13),
(6720, 940, 62, 'Q4', 94, 13),
(6721, 940, 63, 'Q1', 89, 13),
(6722, 940, 63, 'Q2', 90, 13),
(6723, 940, 63, 'Q3', 93, 13),
(6724, 940, 63, 'Q4', 94, 13),
(6725, 940, 64, 'Q1', 89, 13),
(6726, 940, 64, 'Q2', 89, 13),
(6727, 940, 64, 'Q3', 90, 13),
(6728, 940, 64, 'Q4', 93, 13),
(6729, 940, 13, 'Q1', 83, 13),
(6730, 940, 13, 'Q2', 84, 13),
(6731, 940, 13, 'Q3', 86, 13),
(6732, 940, 13, 'Q4', 87, 13),
(6733, 940, 32, 'Q1', 84, 13),
(6734, 940, 32, 'Q2', 83, 13),
(6735, 940, 32, 'Q3', 86, 13),
(6736, 940, 32, 'Q4', 87, 13),
(6737, 941, 57, 'Q1', 77, 13),
(6739, 941, 57, 'Q2', 78, 13),
(6742, 941, 57, 'Q3', 80, 13),
(6743, 941, 57, 'Q4', 83, 13),
(6744, 941, 59, 'Q1', 80, 13),
(6745, 941, 59, 'Q2', 82, 13),
(6746, 941, 59, 'Q3', 82, 13),
(6747, 941, 59, 'Q4', 81, 13),
(6748, 941, 58, 'Q1', 78, 13),
(6749, 941, 58, 'Q2', 76, 13),
(6750, 941, 58, 'Q3', 80, 13),
(6751, 941, 58, 'Q4', 82, 13),
(6752, 941, 56, 'Q1', 77, 13),
(6753, 941, 56, 'Q2', 78, 13),
(6754, 941, 56, 'Q3', 78, 13),
(6755, 941, 56, 'Q4', 76, 13),
(6756, 941, 4, 'Q1', 78, 13),
(6757, 941, 4, 'Q2', 79, 13),
(6758, 941, 4, 'Q3', 77, 13),
(6759, 941, 4, 'Q4', 79, 13),
(6760, 941, 61, 'Q1', 80, 13),
(6761, 941, 61, 'Q2', 79, 13),
(6762, 941, 61, 'Q3', 77, 13),
(6763, 941, 61, 'Q4', 79, 13),
(6764, 941, 62, 'Q1', 80, 13),
(6765, 941, 62, 'Q2', 79, 13),
(6766, 941, 62, 'Q3', 81, 13),
(6767, 941, 62, 'Q4', 84, 13),
(6768, 941, 63, 'Q1', 80, 13),
(6769, 941, 63, 'Q2', 83, 13),
(6770, 941, 63, 'Q3', 82, 13),
(6771, 941, 63, 'Q4', 85, 13),
(6772, 941, 64, 'Q1', 80, 13),
(6773, 941, 64, 'Q2', 79, 13),
(6774, 941, 64, 'Q3', 80, 13),
(6775, 941, 64, 'Q4', 83, 13),
(6776, 941, 13, 'Q1', 78, 13),
(6777, 941, 13, 'Q2', 79, 13),
(6778, 941, 13, 'Q3', 75, 13),
(6779, 941, 13, 'Q4', 78, 13),
(6780, 941, 32, 'Q1', 78, 13),
(6781, 941, 32, 'Q2', 76, 13),
(6782, 941, 32, 'Q3', 78, 13),
(6783, 941, 32, 'Q4', 79, 13),
(6784, 942, 57, 'Q1', 79, 13),
(6786, 942, 57, 'Q2', 77, 13),
(6789, 942, 57, 'Q3', 78, 13),
(6790, 942, 57, 'Q4', 82, 13),
(6791, 942, 59, 'Q1', 87, 13),
(6792, 942, 59, 'Q2', 86, 13),
(6793, 942, 59, 'Q3', 85, 13),
(6794, 942, 59, 'Q4', 86, 13),
(6795, 942, 58, 'Q1', 78, 13),
(6796, 942, 58, 'Q2', 80, 13),
(6797, 942, 58, 'Q3', 84, 13),
(6798, 942, 58, 'Q4', 83, 13),
(6799, 942, 56, 'Q1', 79, 13),
(6800, 942, 56, 'Q2', 80, 13),
(6801, 942, 56, 'Q3', 81, 13),
(6802, 942, 56, 'Q4', 80, 13),
(6803, 942, 4, 'Q1', 80, 13),
(6804, 942, 4, 'Q2', 80, 13),
(6805, 942, 4, 'Q3', 82, 13),
(6806, 942, 4, 'Q4', 83, 13),
(6807, 942, 61, 'Q1', 86, 13),
(6808, 942, 61, 'Q2', 88, 13),
(6809, 942, 61, 'Q3', 87, 13),
(6810, 942, 61, 'Q4', 90, 13),
(6811, 942, 62, 'Q1', 81, 13),
(6812, 942, 62, 'Q2', 85, 13),
(6813, 942, 62, 'Q3', 89, 13),
(6814, 942, 62, 'Q4', 90, 13),
(6815, 942, 63, 'Q1', 89, 13),
(6816, 942, 63, 'Q2', 89, 13),
(6817, 942, 63, 'Q3', 90, 13),
(6818, 942, 63, 'Q4', 92, 13),
(6819, 942, 64, 'Q1', 88, 13),
(6820, 942, 64, 'Q2', 89, 13),
(6821, 942, 64, 'Q3', 89, 13),
(6822, 942, 64, 'Q4', 89, 13),
(6823, 942, 13, 'Q1', 78, 13),
(6824, 942, 13, 'Q2', 79, 13),
(6825, 942, 13, 'Q3', 80, 13),
(6826, 942, 13, 'Q4', 83, 13),
(6827, 942, 32, 'Q1', 78, 13),
(6828, 942, 32, 'Q2', 79, 13),
(6829, 942, 32, 'Q3', 81, 13),
(6830, 942, 32, 'Q4', 83, 13),
(6831, 943, 57, 'Q1', 79, 13),
(6832, 943, 57, 'Q2', 80, 13),
(6835, 943, 57, 'Q3', 79, 13),
(6836, 943, 57, 'Q4', 82, 13),
(6837, 943, 59, 'Q1', 85, 13),
(6838, 943, 59, 'Q2', 84, 13),
(6839, 943, 59, 'Q3', 84, 13),
(6840, 943, 59, 'Q4', 85, 13),
(6841, 943, 58, 'Q1', 78, 13),
(6842, 943, 58, 'Q2', 78, 13),
(6843, 943, 58, 'Q3', 82, 13),
(6844, 943, 58, 'Q4', 82, 13),
(6845, 943, 56, 'Q1', 77, 13),
(6846, 943, 56, 'Q2', 79, 13),
(6847, 943, 56, 'Q3', 81, 13),
(6848, 943, 56, 'Q4', 80, 13),
(6849, 943, 4, 'Q1', 79, 13),
(6850, 943, 4, 'Q2', 80, 13),
(6851, 943, 4, 'Q3', 80, 13),
(6852, 943, 4, 'Q4', 81, 13),
(6853, 943, 61, 'Q1', 85, 13),
(6854, 943, 61, 'Q2', 89, 13),
(6855, 943, 61, 'Q3', 87, 13),
(6856, 943, 61, 'Q4', 88, 13),
(6857, 943, 62, 'Q1', 82, 13),
(6858, 943, 62, 'Q2', 85, 13),
(6859, 943, 62, 'Q3', 86, 13),
(6860, 943, 62, 'Q4', 89, 13),
(6861, 943, 63, 'Q1', 88, 13),
(6862, 943, 63, 'Q2', 88, 13),
(6863, 943, 63, 'Q3', 88, 13),
(6864, 943, 63, 'Q4', 89, 13),
(6865, 943, 64, 'Q1', 86, 13),
(6866, 943, 64, 'Q2', 87, 13),
(6867, 943, 64, 'Q3', 90, 13),
(6868, 943, 64, 'Q4', 90, 13),
(6869, 943, 13, 'Q1', 79, 13),
(6870, 943, 13, 'Q2', 79, 13),
(6871, 943, 13, 'Q3', 80, 13),
(6872, 943, 13, 'Q4', 83, 13),
(6873, 943, 32, 'Q1', 78, 13),
(6874, 943, 32, 'Q2', 77, 13),
(6875, 943, 32, 'Q3', 80, 13),
(6876, 943, 32, 'Q4', 82, 13),
(6877, 944, 57, 'Q1', 92, 13),
(6879, 944, 57, 'Q2', 93, 13),
(6882, 944, 57, 'Q3', 94, 13),
(6883, 944, 57, 'Q4', 95, 13),
(6884, 944, 59, 'Q1', 92, 13),
(6885, 944, 59, 'Q2', 92, 13),
(6886, 944, 59, 'Q3', 93, 13),
(6887, 944, 59, 'Q4', 95, 13),
(6888, 944, 58, 'Q1', 90, 13),
(6889, 944, 58, 'Q2', 91, 13),
(6890, 944, 58, 'Q3', 93, 13),
(6891, 944, 58, 'Q4', 94, 13),
(6892, 944, 56, 'Q1', 91, 13),
(6893, 944, 56, 'Q2', 91, 13),
(6894, 944, 56, 'Q3', 94, 13),
(6895, 944, 56, 'Q4', 95, 13),
(6896, 944, 4, 'Q1', 92, 13),
(6897, 944, 4, 'Q2', 93, 13),
(6898, 944, 4, 'Q3', 94, 13),
(6899, 944, 4, 'Q4', 96, 13),
(6900, 944, 61, 'Q1', 90, 13),
(6901, 944, 61, 'Q2', 94, 13),
(6902, 944, 61, 'Q3', 96, 13),
(6903, 944, 61, 'Q4', 98, 13),
(6904, 944, 62, 'Q1', 91, 13),
(6905, 944, 62, 'Q2', 93, 13),
(6906, 944, 62, 'Q3', 96, 13),
(6907, 944, 62, 'Q4', 96, 13),
(6908, 944, 63, 'Q1', 91, 13),
(6909, 944, 63, 'Q2', 93, 13),
(6910, 944, 63, 'Q3', 95, 13),
(6911, 944, 63, 'Q4', 95, 13),
(6912, 944, 64, 'Q1', 91, 13),
(6913, 944, 64, 'Q2', 92, 13),
(6914, 944, 64, 'Q3', 95, 13),
(6915, 944, 64, 'Q4', 97, 13),
(6916, 944, 13, 'Q1', 90, 13),
(6917, 944, 13, 'Q2', 91, 13),
(6918, 944, 13, 'Q3', 93, 13),
(6919, 944, 13, 'Q4', 95, 13),
(6920, 944, 32, 'Q1', 91, 13),
(6921, 944, 32, 'Q2', 91, 13),
(6922, 944, 32, 'Q3', 93, 13),
(6923, 944, 32, 'Q4', 94, 13),
(6924, 945, 57, 'Q1', 80, 13),
(6925, 945, 57, 'Q2', 81, 13),
(6928, 945, 57, 'Q3', 84, 13),
(6929, 945, 57, 'Q4', 86, 13),
(6930, 945, 59, 'Q1', 86, 13),
(6931, 945, 59, 'Q2', 85, 13),
(6932, 945, 59, 'Q3', 87, 13),
(6933, 945, 59, 'Q4', 88, 13),
(6934, 945, 58, 'Q1', 80, 13),
(6935, 945, 58, 'Q2', 81, 13),
(6936, 945, 58, 'Q3', 86, 13),
(6937, 945, 58, 'Q4', 86, 13),
(6938, 945, 56, 'Q1', 76, 13),
(6939, 945, 56, 'Q2', 80, 13),
(6940, 945, 56, 'Q3', 83, 13),
(6941, 945, 56, 'Q4', 83, 13),
(6942, 945, 4, 'Q1', 78, 13),
(6943, 945, 4, 'Q2', 84, 13),
(6944, 945, 4, 'Q3', 86, 13),
(6945, 945, 4, 'Q4', 87, 13),
(6946, 945, 61, 'Q1', 87, 13),
(6947, 945, 61, 'Q2', 89, 13),
(6948, 945, 61, 'Q3', 91, 13),
(6949, 945, 61, 'Q4', 92, 13),
(6950, 945, 62, 'Q1', 82, 13),
(6951, 945, 62, 'Q2', 85, 13),
(6952, 945, 62, 'Q3', 89, 13),
(6953, 945, 62, 'Q4', 90, 13),
(6954, 945, 63, 'Q1', 86, 13),
(6955, 945, 63, 'Q2', 87, 13),
(6956, 945, 63, 'Q3', 90, 13),
(6957, 945, 63, 'Q4', 91, 13),
(6958, 945, 64, 'Q1', 86, 13),
(6959, 945, 64, 'Q2', 88, 13),
(6960, 945, 64, 'Q3', 91, 13),
(6961, 945, 64, 'Q4', 91, 13),
(6962, 945, 13, 'Q1', 78, 13),
(6963, 945, 13, 'Q2', 81, 13),
(6964, 945, 13, 'Q3', 85, 13),
(6965, 945, 13, 'Q4', 86, 13),
(6966, 945, 32, 'Q1', 78, 13),
(6967, 945, 32, 'Q2', 80, 13),
(6968, 945, 32, 'Q3', 82, 13),
(6969, 945, 32, 'Q4', 85, 13),
(7028, 946, 57, 'Q1', 79, 13),
(7029, 946, 57, 'Q2', 78, 13),
(7030, 946, 57, 'Q3', 80, 13),
(7031, 946, 57, 'Q4', 82, 13),
(7032, 946, 59, 'Q1', 82, 13),
(7033, 946, 59, 'Q2', 85, 13),
(7034, 946, 59, 'Q3', 86, 13),
(7035, 946, 59, 'Q4', 87, 13),
(7036, 946, 58, 'Q1', 80, 13),
(7037, 946, 58, 'Q2', 80, 13),
(7038, 946, 58, 'Q3', 82, 13),
(7039, 946, 58, 'Q4', 82, 13),
(7040, 946, 56, 'Q1', 80, 13),
(7041, 946, 56, 'Q2', 80, 13),
(7042, 946, 56, 'Q3', 81, 13),
(7043, 946, 56, 'Q4', 80, 13),
(7044, 946, 4, 'Q1', 80, 13),
(7045, 946, 4, 'Q2', 80, 13),
(7046, 946, 4, 'Q3', 80, 13),
(7047, 946, 4, 'Q4', 81, 13),
(7048, 946, 61, 'Q1', 83, 13),
(7049, 946, 61, 'Q2', 84, 13),
(7050, 946, 61, 'Q3', 88, 13),
(7051, 946, 61, 'Q4', 90, 13),
(7052, 946, 62, 'Q1', 82, 13),
(7053, 946, 62, 'Q2', 84, 13),
(7054, 946, 62, 'Q3', 87, 13),
(7055, 946, 62, 'Q4', 88, 13),
(7056, 946, 63, 'Q1', 84, 13),
(7057, 946, 63, 'Q2', 85, 13),
(7058, 946, 63, 'Q3', 88, 13),
(7059, 946, 63, 'Q4', 89, 13),
(7060, 946, 64, 'Q1', 81, 13),
(7061, 946, 64, 'Q2', 83, 13),
(7062, 946, 64, 'Q3', 88, 13),
(7063, 946, 64, 'Q4', 90, 13),
(7064, 946, 13, 'Q1', 77, 13),
(7065, 946, 13, 'Q2', 77, 13),
(7066, 946, 13, 'Q3', 78, 13),
(7067, 946, 13, 'Q4', 79, 13),
(7068, 946, 32, 'Q1', 78, 13),
(7069, 946, 32, 'Q2', 78, 13),
(7070, 946, 32, 'Q3', 80, 13),
(7071, 946, 32, 'Q4', 81, 13),
(7380, 964, 124, 'Q1', 90, 14),
(7381, 964, 124, 'Q2', 90, 14),
(7382, 964, 130, 'Q2', 90, 14),
(7383, 964, 131, 'Q1', 90, 14),
(7384, 964, 131, 'Q2', 90, 14),
(7386, 964, 25, 'Q2', 90, 14),
(7387, 936, 57, 'Q1', 90, 13),
(7394, 964, 25, 'Q1', 90, 14),
(7396, 964, 126, 'Q1', 90, 14),
(7397, 964, 127, 'Q1', 90, 14),
(7398, 964, 128, 'Q1', 90, 14),
(7399, 964, 129, 'Q1', 90, 14),
(7400, 964, 26, 'Q1', 90, 14),
(7401, 964, 29, 'Q1', 90, 14),
(7404, 964, 130, 'Q1', 90, 14),
(7417, 947, 57, 'Q1', 83, 13),
(7418, 947, 57, 'Q2', 84, 13),
(7419, 947, 57, 'Q3', 86, 13),
(7420, 947, 57, 'Q4', 87, 13),
(7421, 947, 59, 'Q1', 85, 13),
(7422, 947, 59, 'Q2', 83, 13),
(7423, 947, 59, 'Q3', 88, 13),
(7424, 947, 59, 'Q4', 90, 13),
(7425, 947, 58, 'Q1', 81, 13),
(7426, 947, 58, 'Q2', 82, 13),
(7427, 947, 58, 'Q3', 85, 13),
(7428, 947, 58, 'Q4', 87, 13),
(7429, 947, 56, 'Q1', 83, 13),
(7430, 947, 56, 'Q2', 82, 13),
(7431, 947, 56, 'Q3', 84, 13),
(7432, 947, 56, 'Q4', 85, 13),
(7433, 947, 4, 'Q1', 83, 13),
(7434, 947, 4, 'Q2', 82, 13),
(7435, 947, 4, 'Q3', 83, 13),
(7436, 947, 4, 'Q4', 85, 13),
(7437, 947, 61, 'Q1', 86, 13),
(7438, 947, 61, 'Q2', 88, 13),
(7439, 947, 61, 'Q3', 89, 13),
(7440, 947, 61, 'Q4', 92, 13),
(7441, 947, 62, 'Q1', 85, 13),
(7442, 947, 62, 'Q2', 86, 13),
(7443, 947, 62, 'Q3', 89, 13),
(7444, 947, 62, 'Q4', 88, 13),
(7445, 947, 63, 'Q1', 88, 13),
(7446, 947, 63, 'Q2', 90, 13),
(7447, 947, 63, 'Q3', 91, 13),
(7448, 947, 63, 'Q4', 92, 13),
(7449, 947, 64, 'Q1', 86, 13),
(7450, 947, 64, 'Q2', 87, 13),
(7451, 947, 64, 'Q3', 90, 13),
(7452, 947, 64, 'Q4', 91, 13),
(7453, 947, 13, 'Q1', 82, 13),
(7454, 947, 13, 'Q2', 83, 13),
(7455, 947, 13, 'Q3', 83, 13),
(7456, 947, 13, 'Q4', 83, 13),
(7457, 947, 32, 'Q1', 80, 13),
(7458, 947, 32, 'Q2', 81, 13),
(7459, 947, 32, 'Q3', 84, 13),
(7460, 947, 32, 'Q4', 86, 13);

-- --------------------------------------------------------

--
-- Table structure for table `grade_levels`
--

CREATE TABLE `grade_levels` (
  `grade_level_id` int(11) NOT NULL,
  `level_name` varchar(20) NOT NULL
) ENGINE=InnoDB DEFAULT CHARSET=utf8mb4 COLLATE=utf8mb4_general_ci;

--
-- Dumping data for table `grade_levels`
--

INSERT INTO `grade_levels` (`grade_level_id`, `level_name`) VALUES
(1, '1'),
(2, '2'),
(3, '3'),
(4, '4'),
(5, '5'),
(23, '6');

-- --------------------------------------------------------

--
-- Table structure for table `ph_addresses`
--

CREATE TABLE `ph_addresses` (
  `id` int(11) NOT NULL,
  `province` varchar(100) NOT NULL,
  `municipality` varchar(100) NOT NULL,
  `barangay` varchar(100) NOT NULL
) ENGINE=InnoDB DEFAULT CHARSET=utf8mb4 COLLATE=utf8mb4_general_ci;

--
-- Dumping data for table `ph_addresses`
--

INSERT INTO `ph_addresses` (`id`, `province`, `municipality`, `barangay`) VALUES
(72, 'Albay', 'Libon', 'Alongong'),
(73, 'Albay', 'Libon', 'Apud'),
(74, 'Albay', 'Libon', 'Bacolod'),
(75, 'Albay', 'Libon', 'Bariw'),
(76, 'Albay', 'Libon', 'Bonbon'),
(77, 'Albay', 'Libon', 'Buga'),
(78, 'Albay', 'Libon', 'Bulusan'),
(79, 'Albay', 'Libon', 'Burabod'),
(80, 'Albay', 'Libon', 'Caguscos'),
(81, 'Albay', 'Libon', 'East Carisac'),
(82, 'Albay', 'Libon', 'West Carisac'),
(83, 'Albay', 'Libon', 'Harigue'),
(84, 'Albay', 'Libon', 'Libtong'),
(85, 'Albay', 'Libon', 'Linao'),
(86, 'Albay', 'Libon', 'Mabayawas'),
(87, 'Albay', 'Libon', 'Macabugos'),
(88, 'Albay', 'Libon', 'Magallang'),
(89, 'Albay', 'Libon', 'Malabiga'),
(90, 'Albay', 'Libon', 'Marayag'),
(91, 'Albay', 'Libon', 'Matara'),
(92, 'Albay', 'Libon', 'Molosbolos'),
(93, 'Albay', 'Libon', 'Natasan'),
(94, 'Albay', 'Libon', 'Nogpo'),
(95, 'Albay', 'Libon', 'Pantao'),
(96, 'Albay', 'Libon', 'Rawis'),
(97, 'Albay', 'Libon', 'Sagrada Familia'),
(98, 'Albay', 'Libon', 'Salvación'),
(99, 'Albay', 'Libon', 'Sampongan'),
(100, 'Albay', 'Libon', 'San Agustín'),
(101, 'Albay', 'Libon', 'San Antonio'),
(102, 'Albay', 'Libon', 'San Isidro'),
(103, 'Albay', 'Libon', 'San José'),
(104, 'Albay', 'Libon', 'San Pascual'),
(105, 'Albay', 'Libon', 'San Ramón'),
(106, 'Albay', 'Libon', 'San Vicente'),
(107, 'Albay', 'Libon', 'Santa Cruz'),
(108, 'Albay', 'Libon', 'Niño Jesús'),
(109, 'Albay', 'Libon', 'Talin-Talin'),
(110, 'Albay', 'Libon', 'Tambo'),
(111, 'Albay', 'Libon', 'Villa Petrona'),
(112, 'Albay', 'Libon', 'Zone I (Poblacion)'),
(113, 'Albay', 'Libon', 'Zone II (Poblacion)'),
(114, 'Albay', 'Libon', 'Zone III (Poblacion)'),
(115, 'Albay', 'Libon', 'Zone IV (Poblacion)'),
(116, 'Albay', 'Libon', 'Zone V (Poblacion)'),
(117, 'Albay', 'Libon', 'Zone VI (Poblacion)'),
(118, 'Albay', 'Libon', 'Zone VII (Poblacion)'),
(119, 'Albay', 'Polangui', 'Agos'),
(120, 'Albay', 'Polangui', 'Balaba'),
(121, 'Albay', 'Polangui', 'Balinad'),
(122, 'Albay', 'Polangui', 'Basud'),
(123, 'Albay', 'Polangui', 'Binatagan'),
(124, 'Albay', 'Polangui', 'Centro Occidental (Poblacion)'),
(125, 'Albay', 'Polangui', 'Centro Oriental (Poblacion)'),
(126, 'Albay', 'Polangui', 'Cotmon'),
(127, 'Albay', 'Polangui', 'Cuyaoyao'),
(128, 'Albay', 'Polangui', 'Danao'),
(129, 'Albay', 'Polangui', 'Gabawan'),
(130, 'Albay', 'Polangui', 'Gahonon'),
(131, 'Albay', 'Polangui', 'Lidong'),
(132, 'Albay', 'Polangui', 'Lomacao'),
(133, 'Albay', 'Polangui', 'Maysua'),
(134, 'Albay', 'Polangui', 'Napo'),
(135, 'Albay', 'Polangui', 'Naramnan'),
(136, 'Albay', 'Polangui', 'Pinagdapugan'),
(137, 'Albay', 'Polangui', 'Ponso'),
(138, 'Albay', 'Polangui', 'Salvacion'),
(139, 'Albay', 'Polangui', 'Santa Cruz'),
(140, 'Albay', 'Polangui', 'Santa Teresita'),
(141, 'Albay', 'Polangui', 'Santicon'),
(142, 'Albay', 'Polangui', 'Sugcad'),
(143, 'Albay', 'Polangui', 'Ubaliw'),
(144, 'Albay', 'Polangui', 'Balangibang'),
(145, 'Albay', 'Polangui', 'Matacon'),
(146, 'Albay', 'Polangui', 'Magpanambo'),
(147, 'Albay', 'Polangui', 'Magurang'),
(148, 'Albay', 'Polangui', 'Basagan'),
(149, 'Albay', 'Polangui', 'Barangay I (Poblacion)'),
(150, 'Albay', 'Polangui', 'Barangay II (Poblacion)'),
(151, 'Albay', 'Polangui', 'Barangay III (Poblacion)'),
(152, 'Albay', 'Polangui', 'Barangay IV (Poblacion)'),
(153, 'Albay', 'Polangui', 'Barangay V (Poblacion)'),
(154, 'Albay', 'Polangui', 'Barangay VI (Poblacion)'),
(155, 'Albay', 'Polangui', 'Barangay VII (Poblacion)'),
(156, 'Albay', 'Polangui', 'Barangay VIII (Poblacion)'),
(157, 'Albay', 'Polangui', 'Barangay IX (Poblacion)'),
(158, 'Albay', 'Polangui', 'Barangay X (Poblacion)'),
(159, 'Albay', 'Polangui', 'Barangay XI (Poblacion)'),
(160, 'Albay', 'Polangui', 'Barangay XII (Poblacion)'),
(161, 'Albay', 'Oas', 'Badbad'),
(162, 'Albay', 'Oas', 'Bagumbayan'),
(163, 'Albay', 'Oas', 'Balogo'),
(164, 'Albay', 'Oas', 'Banadero'),
(165, 'Albay', 'Oas', 'Basag'),
(166, 'Albay', 'Oas', 'Batbat'),
(167, 'Albay', 'Oas', 'Baybay'),
(168, 'Albay', 'Oas', 'Bellabong'),
(169, 'Albay', 'Oas', 'Bongoran'),
(170, 'Albay', 'Oas', 'Busac'),
(171, 'Albay', 'Oas', 'Cagmanaba'),
(172, 'Albay', 'Oas', 'Calzada'),
(173, 'Albay', 'Oas', 'Camagong'),
(174, 'Albay', 'Oas', 'Canarom'),
(175, 'Albay', 'Oas', 'Canaan'),
(176, 'Albay', 'Oas', 'Cupang'),
(177, 'Albay', 'Oas', 'Del Rosario'),
(178, 'Albay', 'Oas', 'Dinapa'),
(179, 'Albay', 'Oas', 'Gabon'),
(180, 'Albay', 'Oas', 'Gapo'),
(181, 'Albay', 'Oas', 'Ibayugan'),
(182, 'Albay', 'Oas', 'Iraya Norte'),
(183, 'Albay', 'Oas', 'Iraya Sur'),
(184, 'Albay', 'Oas', 'Macabugos'),
(185, 'Albay', 'Oas', 'Macawayan'),
(186, 'Albay', 'Oas', 'Malabiga'),
(187, 'Albay', 'Oas', 'Malipayon'),
(188, 'Albay', 'Oas', 'Maporong'),
(189, 'Albay', 'Oas', 'Maramba'),
(190, 'Albay', 'Oas', 'Matara'),
(191, 'Albay', 'Oas', 'Mayag'),
(192, 'Albay', 'Oas', 'Mendez'),
(193, 'Albay', 'Oas', 'Nagas'),
(194, 'Albay', 'Oas', 'Obaliw-Rinas'),
(195, 'Albay', 'Oas', 'Pinamaniquian'),
(196, 'Albay', 'Oas', 'Rizal'),
(197, 'Albay', 'Oas', 'San Agustin'),
(198, 'Albay', 'Oas', 'San Antonio'),
(199, 'Albay', 'Oas', 'San Isidro'),
(200, 'Albay', 'Oas', 'San Jose'),
(201, 'Albay', 'Oas', 'San Juan'),
(202, 'Albay', 'Oas', 'San Miguel'),
(203, 'Albay', 'Oas', 'San Pascual'),
(204, 'Albay', 'Oas', 'San Ramon'),
(205, 'Albay', 'Oas', 'San Vicente'),
(206, 'Albay', 'Oas', 'Santa Cruz'),
(207, 'Albay', 'Oas', 'Santo Domingo'),
(208, 'Albay', 'Oas', 'Tablon'),
(209, 'Albay', 'Oas', 'Tapel'),
(210, 'Albay', 'Oas', 'Tula-tula Grande'),
(211, 'Albay', 'Oas', 'Tula-tula Pequeño'),
(212, 'Albay', 'Oas', 'Villa Petrona'),
(213, 'Albay', 'Oas', 'Rizal (Poblacion)'),
(214, 'Albay', 'Oas', 'Centro Poblacion'),
(215, 'Albay', 'Ligao City', 'Abella'),
(216, 'Albay', 'Ligao City', 'Allang'),
(217, 'Albay', 'Ligao City', 'Amtic'),
(218, 'Albay', 'Ligao City', 'Binatagan'),
(219, 'Albay', 'Ligao City', 'Bobon'),
(220, 'Albay', 'Ligao City', 'Bonga'),
(221, 'Albay', 'Ligao City', 'Busay'),
(222, 'Albay', 'Ligao City', 'Cabarian'),
(223, 'Albay', 'Ligao City', 'Calzada'),
(224, 'Albay', 'Ligao City', 'Catburawan'),
(225, 'Albay', 'Ligao City', 'Cavasi'),
(226, 'Albay', 'Ligao City', 'Dunao'),
(227, 'Albay', 'Ligao City', 'Guilid'),
(228, 'Albay', 'Ligao City', 'Herrera'),
(229, 'Albay', 'Ligao City', 'Layon'),
(230, 'Albay', 'Ligao City', 'Mahaba'),
(231, 'Albay', 'Ligao City', 'Maonon'),
(232, 'Albay', 'Ligao City', 'Nasisi'),
(233, 'Albay', 'Ligao City', 'Oma-oma'),
(234, 'Albay', 'Ligao City', 'Paulba'),
(235, 'Albay', 'Ligao City', 'Pinamaniquian'),
(236, 'Albay', 'Ligao City', 'Pinit'),
(237, 'Albay', 'Ligao City', 'Poblacion'),
(238, 'Albay', 'Ligao City', 'San Isidro'),
(239, 'Albay', 'Ligao City', 'San Jose'),
(240, 'Albay', 'Ligao City', 'San Vicente'),
(241, 'Albay', 'Ligao City', 'Santa Cruz'),
(242, 'Albay', 'Ligao City', 'Sta. Teresita'),
(243, 'Albay', 'Ligao City', 'Tagpo'),
(244, 'Albay', 'Ligao City', 'Tinago'),
(245, 'Albay', 'Ligao City', 'Tiongson'),
(246, 'Albay', 'Ligao City', 'Tupas'),
(247, 'Albay', 'Ligao City', 'Tuburan'),
(248, 'Albay', 'Ligao City', 'Tula-Tula Pequeño'),
(249, 'Albay', 'Ligao City', 'Tula-Tula Grande'),
(250, 'Albay', 'Ligao City', 'Tinampo'),
(251, 'Albay', 'Ligao City', 'Tomolin'),
(252, 'Albay', 'Ligao City', 'Tilis'),
(253, 'Albay', 'Ligao City', 'Tupaz'),
(254, 'Albay', 'Ligao City', 'Cabagñan'),
(255, 'Albay', 'Ligao City', 'Bonga (Lower)'),
(256, 'Albay', 'Ligao City', 'Bonga (Upper)'),
(257, 'Albay', 'Ligao City', 'Bonga (Centro)'),
(258, 'Albay', 'Ligao City', 'Binanuaanan'),
(259, 'Albay', 'Ligao City', 'Bagumbayan'),
(260, 'Albay', 'Ligao City', 'Bacong'),
(261, 'Albay', 'Ligao City', 'Amtic Proper'),
(262, 'Albay', 'Ligao City', 'Bonga Proper'),
(263, 'Albay', 'Ligao City', 'Bonga Ilawod'),
(264, 'Albay', 'Ligao City', 'Bonga Iraya'),
(265, 'Albay', 'Ligao City', 'Barayong'),
(266, 'Albay', 'Ligao City', 'Bagong Abre'),
(267, 'Albay', 'Ligao City', 'Herrera (Centro)'),
(268, 'Albay', 'Ligao City', 'Tuburan Proper'),
(269, 'Albay', 'Ligao City', 'Nasisi Proper'),
(270, 'Albay', 'Guinobatan', 'Agpay'),
(271, 'Albay', 'Guinobatan', 'Balite'),
(272, 'Albay', 'Guinobatan', 'Balinad'),
(273, 'Albay', 'Guinobatan', 'Banadero'),
(274, 'Albay', 'Guinobatan', 'Basag'),
(275, 'Albay', 'Guinobatan', 'Batbat'),
(276, 'Albay', 'Guinobatan', 'Binogsacan'),
(277, 'Albay', 'Guinobatan', 'Bololo'),
(278, 'Albay', 'Guinobatan', 'Bubulusan'),
(279, 'Albay', 'Guinobatan', 'Calzada'),
(280, 'Albay', 'Guinobatan', 'Canawon'),
(281, 'Albay', 'Guinobatan', 'Catomag'),
(282, 'Albay', 'Guinobatan', 'Cawayan'),
(283, 'Albay', 'Guinobatan', 'Doña Mercedes'),
(284, 'Albay', 'Guinobatan', 'Ilawod'),
(285, 'Albay', 'Guinobatan', 'Inamnan Grande'),
(286, 'Albay', 'Guinobatan', 'Inamnan Pequeño'),
(287, 'Albay', 'Guinobatan', 'Iraya'),
(288, 'Albay', 'Guinobatan', 'Malabnig'),
(289, 'Albay', 'Guinobatan', 'Malipo'),
(290, 'Albay', 'Guinobatan', 'Maninila'),
(291, 'Albay', 'Guinobatan', 'Mapaco'),
(292, 'Albay', 'Guinobatan', 'Maraykit'),
(293, 'Albay', 'Guinobatan', 'Mauraro'),
(294, 'Albay', 'Guinobatan', 'Muladbucad Grande'),
(295, 'Albay', 'Guinobatan', 'Muladbucad Pequeño'),
(296, 'Albay', 'Guinobatan', 'Ongo'),
(297, 'Albay', 'Guinobatan', 'Poblacion'),
(298, 'Albay', 'Guinobatan', 'Ponom'),
(299, 'Albay', 'Guinobatan', 'Quibongbongan'),
(300, 'Albay', 'Guinobatan', 'San Francisco'),
(301, 'Albay', 'Guinobatan', 'San Rafael'),
(302, 'Albay', 'Guinobatan', 'San Roque'),
(303, 'Albay', 'Guinobatan', 'Santa Teresita'),
(304, 'Albay', 'Guinobatan', 'Sinungtan'),
(305, 'Albay', 'Guinobatan', 'Travesia'),
(306, 'Albay', 'Guinobatan', 'Tandarora'),
(307, 'Albay', 'Guinobatan', 'Tandarora Ilawod'),
(308, 'Albay', 'Guinobatan', 'Tandarora Iraya'),
(309, 'Albay', 'Guinobatan', 'Tandarora Centro'),
(310, 'Albay', 'Guinobatan', 'Tandarora Proper'),
(311, 'Albay', 'Guinobatan', 'Upper Tandarora'),
(312, 'Albay', 'Guinobatan', 'West Carisac'),
(313, 'Albay', 'Guinobatan', 'East Carisac'),
(314, 'Albay', 'Jovellar', 'Bagacay'),
(315, 'Albay', 'Jovellar', 'Banag'),
(316, 'Albay', 'Jovellar', 'Bangihan'),
(317, 'Albay', 'Jovellar', 'Bautista'),
(318, 'Albay', 'Jovellar', 'Cagamutan'),
(319, 'Albay', 'Jovellar', 'Calzada'),
(320, 'Albay', 'Jovellar', 'Cañaoñao'),
(321, 'Albay', 'Jovellar', 'Cawayan'),
(322, 'Albay', 'Jovellar', 'Del Rosario'),
(323, 'Albay', 'Jovellar', 'Dinapa'),
(324, 'Albay', 'Jovellar', 'Flores'),
(325, 'Albay', 'Jovellar', 'Gregorio Aguilar (Villa)'),
(326, 'Albay', 'Jovellar', 'Maboog'),
(327, 'Albay', 'Jovellar', 'Mamlad'),
(328, 'Albay', 'Jovellar', 'Maogog'),
(329, 'Albay', 'Jovellar', 'Mercado'),
(330, 'Albay', 'Jovellar', 'Peña Francia'),
(331, 'Albay', 'Jovellar', 'Quiba'),
(332, 'Albay', 'Jovellar', 'San Isidro'),
(333, 'Albay', 'Jovellar', 'San Roque'),
(334, 'Albay', 'Jovellar', 'San Vicente'),
(335, 'Albay', 'Jovellar', 'Sugcad'),
(336, 'Albay', 'Jovellar', 'Villa Paz'),
(337, 'Albay', 'Pioduran', 'Agol'),
(338, 'Albay', 'Pioduran', 'Binodegahan'),
(339, 'Albay', 'Pioduran', 'Burabod'),
(340, 'Albay', 'Pioduran', 'Cabagñan'),
(341, 'Albay', 'Pioduran', 'Cagmanaba'),
(342, 'Albay', 'Pioduran', 'Cagmanong'),
(343, 'Albay', 'Pioduran', 'Cawayan Exterior'),
(344, 'Albay', 'Pioduran', 'Cawayan Interior'),
(345, 'Albay', 'Pioduran', 'Centro Poblacion'),
(346, 'Albay', 'Pioduran', 'Caratagan'),
(347, 'Albay', 'Pioduran', 'Iraya Norte'),
(348, 'Albay', 'Pioduran', 'Iraya Sur'),
(349, 'Albay', 'Pioduran', 'La Medalla'),
(350, 'Albay', 'Pioduran', 'Laurel'),
(351, 'Albay', 'Pioduran', 'Malidong'),
(352, 'Albay', 'Pioduran', 'Marigondon'),
(353, 'Albay', 'Pioduran', 'Matara'),
(354, 'Albay', 'Pioduran', 'Misibis'),
(355, 'Albay', 'Pioduran', 'Naga'),
(356, 'Albay', 'Pioduran', 'Panganiran'),
(357, 'Albay', 'Pioduran', 'Payawin'),
(358, 'Albay', 'Pioduran', 'Rizal'),
(359, 'Albay', 'Pioduran', 'Salvacion'),
(360, 'Albay', 'Pioduran', 'San Isidro'),
(361, 'Albay', 'Pioduran', 'San Jose (Oson)'),
(362, 'Albay', 'Pioduran', 'San Juan'),
(363, 'Albay', 'Pioduran', 'San Ramon'),
(364, 'Albay', 'Pioduran', 'San Roque'),
(365, 'Albay', 'Pioduran', 'San Vicente'),
(366, 'Albay', 'Pioduran', 'Santa Cruz'),
(367, 'Albay', 'Pioduran', 'Santo Niño'),
(368, 'Albay', 'Pioduran', 'Sorsogon'),
(369, 'Albay', 'Pioduran', 'Tibabo'),
(370, 'Albay', 'Pioduran', 'Tupas'),
(371, 'Albay', 'Rapu-Rapu', 'Aguinlana'),
(372, 'Albay', 'Rapu-Rapu', 'Bagaobawan'),
(373, 'Albay', 'Rapu-Rapu', 'Bagatabao'),
(374, 'Albay', 'Rapu-Rapu', 'Bilbao'),
(375, 'Albay', 'Rapu-Rapu', 'Buhatan'),
(376, 'Albay', 'Rapu-Rapu', 'Buenavista'),
(377, 'Albay', 'Rapu-Rapu', 'Carogcog'),
(378, 'Albay', 'Rapu-Rapu', 'Culasi'),
(379, 'Albay', 'Rapu-Rapu', 'Guadalupe'),
(380, 'Albay', 'Rapu-Rapu', 'Haponan'),
(381, 'Albay', 'Rapu-Rapu', 'Linao'),
(382, 'Albay', 'Rapu-Rapu', 'Malobago'),
(383, 'Albay', 'Rapu-Rapu', 'Malobago Sawmill'),
(384, 'Albay', 'Rapu-Rapu', 'Manila'),
(385, 'Albay', 'Rapu-Rapu', 'Mananao'),
(386, 'Albay', 'Rapu-Rapu', 'Malobago Norte'),
(387, 'Albay', 'Rapu-Rapu', 'Malobago Sur'),
(388, 'Albay', 'Rapu-Rapu', 'Malobago West'),
(389, 'Albay', 'Rapu-Rapu', 'Morocborocan'),
(390, 'Albay', 'Rapu-Rapu', 'Olakhan'),
(391, 'Albay', 'Rapu-Rapu', 'Pagcolbon'),
(392, 'Albay', 'Rapu-Rapu', 'Poblacion'),
(393, 'Albay', 'Rapu-Rapu', 'Ruang'),
(394, 'Albay', 'Rapu-Rapu', 'San Ramon'),
(395, 'Albay', 'Rapu-Rapu', 'Santa Barbara'),
(396, 'Albay', 'Rapu-Rapu', 'Santa Flora'),
(397, 'Albay', 'Rapu-Rapu', 'Santo Domingo'),
(398, 'Albay', 'Rapu-Rapu', 'Tinopan'),
(399, 'Albay', 'Rapu-Rapu', 'Tinopan East'),
(400, 'Albay', 'Rapu-Rapu', 'Tinopan West'),
(401, 'Albay', 'Rapu-Rapu', 'Tinopan Proper'),
(402, 'Albay', 'Rapu-Rapu', 'Villahermosa'),
(403, 'Albay', 'Rapu-Rapu', 'Viga'),
(404, 'Albay', 'Rapu-Rapu', 'Vito'),
(405, 'Albay', 'Santo Domingo', 'Buhatan'),
(406, 'Albay', 'Santo Domingo', 'Buhatan Poblacion'),
(407, 'Albay', 'Santo Domingo', 'Calayucay'),
(408, 'Albay', 'Santo Domingo', 'Dancalan'),
(409, 'Albay', 'Santo Domingo', 'Lidong'),
(410, 'Albay', 'Santo Domingo', 'Manlabong'),
(411, 'Albay', 'Santo Domingo', 'Maslog'),
(412, 'Albay', 'Santo Domingo', 'Poblacion'),
(413, 'Albay', 'Santo Domingo', 'Rawis'),
(414, 'Albay', 'Santo Domingo', 'Salvacion'),
(415, 'Albay', 'Santo Domingo', 'San Fernando'),
(416, 'Albay', 'Santo Domingo', 'San Isidro'),
(417, 'Albay', 'Santo Domingo', 'San Juan'),
(418, 'Albay', 'Santo Domingo', 'San Miguel'),
(419, 'Albay', 'Santo Domingo', 'San Pedro'),
(420, 'Albay', 'Santo Domingo', 'Santa Misericordia'),
(421, 'Albay', 'Santo Domingo', 'Santo Niño'),
(422, 'Albay', 'Santo Domingo', 'Tibgao'),
(423, 'Albay', 'Santo Domingo', 'Lidong Poblacion'),
(424, 'Albay', 'Santo Domingo', 'Poblacion District 1'),
(425, 'Albay', 'Santo Domingo', 'Poblacion District 2'),
(426, 'Albay', 'Santo Domingo', 'Poblacion District 3'),
(427, 'Albay', 'Santo Domingo', 'Poblacion District 4'),
(428, 'Albay', 'Tabaco City', 'Agos'),
(429, 'Albay', 'Tabaco City', 'Bacolod'),
(430, 'Albay', 'Tabaco City', 'Bantayan'),
(431, 'Albay', 'Tabaco City', 'Baranghawon'),
(432, 'Albay', 'Tabaco City', 'Basagan'),
(433, 'Albay', 'Tabaco City', 'Basud'),
(434, 'Albay', 'Tabaco City', 'Bogñabong'),
(435, 'Albay', 'Tabaco City', 'Bombon'),
(436, 'Albay', 'Tabaco City', 'Buang'),
(437, 'Albay', 'Tabaco City', 'Cabagñan'),
(438, 'Albay', 'Tabaco City', 'Cabasan'),
(439, 'Albay', 'Tabaco City', 'Cobo'),
(440, 'Albay', 'Tabaco City', 'Comon'),
(441, 'Albay', 'Tabaco City', 'Dita'),
(442, 'Albay', 'Tabaco City', 'Fatima'),
(443, 'Albay', 'Tabaco City', 'Guinobat'),
(444, 'Albay', 'Tabaco City', 'Hacienda'),
(445, 'Albay', 'Tabaco City', 'Mariroc'),
(446, 'Albay', 'Tabaco City', 'Matagbac'),
(447, 'Albay', 'Tabaco City', 'Oras'),
(448, 'Albay', 'Tabaco City', 'Panal'),
(449, 'Albay', 'Tabaco City', 'Pawa'),
(450, 'Albay', 'Tabaco City', 'Pinagbobong'),
(451, 'Albay', 'Tabaco City', 'Quinastillojan'),
(452, 'Albay', 'Tabaco City', 'Quinale Cabasan'),
(453, 'Albay', 'Tabaco City', 'Rawis'),
(454, 'Albay', 'Tabaco City', 'Sagurong'),
(455, 'Albay', 'Tabaco City', 'San Antonio'),
(456, 'Albay', 'Tabaco City', 'San Carlos'),
(457, 'Albay', 'Tabaco City', 'San Juan'),
(458, 'Albay', 'Tabaco City', 'San Lorenzo'),
(459, 'Albay', 'Tabaco City', 'San Ramon'),
(460, 'Albay', 'Tabaco City', 'San Roque'),
(461, 'Albay', 'Tabaco City', 'San Vicente'),
(462, 'Albay', 'Tabaco City', 'Santo Cristo'),
(463, 'Albay', 'Tabaco City', 'Sua-Igot'),
(464, 'Albay', 'Tabaco City', 'Tabiguian'),
(465, 'Albay', 'Tabaco City', 'Tagas'),
(466, 'Albay', 'Tabaco City', 'Taisan'),
(467, 'Albay', 'Tabaco City', 'Tanagan'),
(468, 'Albay', 'Tabaco City', 'Tayhi'),
(469, 'Albay', 'Tabaco City', 'Barangay 1 (Poblacion)'),
(470, 'Albay', 'Tabaco City', 'Barangay 2 (Poblacion)'),
(471, 'Albay', 'Tabaco City', 'Barangay 3 (Poblacion)'),
(472, 'Albay', 'Tabaco City', 'Barangay 4 (Poblacion)'),
(473, 'Albay', 'Tabaco City', 'Barangay 5 (Poblacion)'),
(474, 'Albay', 'Tabaco City', 'Barangay 6 (Poblacion)'),
(475, 'Albay', 'Tabaco City', 'Barangay 7 (Poblacion)'),
(476, 'Albay', 'Tiwi', 'Bagumbayan'),
(477, 'Albay', 'Tiwi', 'Bariis'),
(478, 'Albay', 'Tiwi', 'Baybay'),
(479, 'Albay', 'Tiwi', 'Biyong'),
(480, 'Albay', 'Tiwi', 'Bolitoc'),
(481, 'Albay', 'Tiwi', 'Cararayan'),
(482, 'Albay', 'Tiwi', 'Dapdap'),
(483, 'Albay', 'Tiwi', 'Joroan'),
(484, 'Albay', 'Tiwi', 'Lourdes'),
(485, 'Albay', 'Tiwi', 'Mabilo'),
(486, 'Albay', 'Tiwi', 'Magapo'),
(487, 'Albay', 'Tiwi', 'Maynonong'),
(488, 'Albay', 'Tiwi', 'Misibis'),
(489, 'Albay', 'Tiwi', 'Naga'),
(490, 'Albay', 'Tiwi', 'Oyama'),
(491, 'Albay', 'Tiwi', 'Putsan'),
(492, 'Albay', 'Tiwi', 'San Bernardo'),
(493, 'Albay', 'Tiwi', 'San Isidro'),
(494, 'Albay', 'Tiwi', 'San Jose'),
(495, 'Albay', 'Tiwi', 'San Pedro'),
(496, 'Albay', 'Tiwi', 'San Rafael'),
(497, 'Albay', 'Tiwi', 'Sugod'),
(498, 'Albay', 'Tiwi', 'Tangui'),
(499, 'Albay', 'Tiwi', 'Tigbi (Poblacion)'),
(500, 'Albay', 'Tiwi', 'Waras'),
(501, 'Albay', 'Camalig', 'Anoling'),
(502, 'Albay', 'Camalig', 'Baligang'),
(503, 'Albay', 'Camalig', 'Balinad'),
(504, 'Albay', 'Camalig', 'Bantayan'),
(505, 'Albay', 'Camalig', 'Bariw'),
(506, 'Albay', 'Camalig', 'Binanderahan'),
(507, 'Albay', 'Camalig', 'Cabangan'),
(508, 'Albay', 'Camalig', 'Caguiba'),
(509, 'Albay', 'Camalig', 'Comun'),
(510, 'Albay', 'Camalig', 'Cotmon'),
(511, 'Albay', 'Camalig', 'Dela Paz'),
(512, 'Albay', 'Camalig', 'Gapo'),
(513, 'Albay', 'Camalig', 'Ilawod'),
(514, 'Albay', 'Camalig', 'Iluluan'),
(515, 'Albay', 'Camalig', 'Inamnan Grande'),
(516, 'Albay', 'Camalig', 'Inamnan Pequeño'),
(517, 'Albay', 'Camalig', 'Ligban'),
(518, 'Albay', 'Camalig', 'Mabalodbalod'),
(519, 'Albay', 'Camalig', 'Magogon'),
(520, 'Albay', 'Camalig', 'Manawan'),
(521, 'Albay', 'Camalig', 'Manaet'),
(522, 'Albay', 'Camalig', 'Mauraro'),
(523, 'Albay', 'Camalig', 'Mayon'),
(524, 'Albay', 'Camalig', 'Misibis'),
(525, 'Albay', 'Camalig', 'Molosbolos'),
(526, 'Albay', 'Camalig', 'Palanog'),
(527, 'Albay', 'Camalig', 'Panoypoy'),
(528, 'Albay', 'Camalig', 'Quiba'),
(529, 'Albay', 'Camalig', 'Quirangay'),
(530, 'Albay', 'Camalig', 'Salugan'),
(531, 'Albay', 'Camalig', 'San Francisco (Poblacion)'),
(532, 'Albay', 'Camalig', 'San Jose (Poblacion)'),
(533, 'Albay', 'Camalig', 'San Pablo (Poblacion)'),
(534, 'Albay', 'Camalig', 'San Roque (Poblacion)'),
(535, 'Albay', 'Camalig', 'Solong'),
(536, 'Albay', 'Camalig', 'Sua'),
(537, 'Albay', 'Camalig', 'Sumlang'),
(538, 'Albay', 'Camalig', 'Taladong'),
(539, 'Albay', 'Camalig', 'Tandarora'),
(540, 'Albay', 'Camalig', 'Taplacon'),
(541, 'Albay', 'Camalig', 'Tumpa'),
(542, 'Albay', 'Camalig', 'Umali'),
(543, 'Albay', 'Camalig', 'Baligang Nuevo'),
(544, 'Albay', 'Camalig', 'Cabangan Pequeño'),
(545, 'Albay', 'Camalig', 'Binogsacan'),
(546, 'Albay', 'Camalig', 'Lictin'),
(547, 'Albay', 'Camalig', 'Tinago'),
(548, 'Albay', 'Camalig', 'Bariw Nuevo'),
(549, 'Albay', 'Camalig', 'Camambugan'),
(550, 'Albay', 'Bacacay', 'Badian'),
(551, 'Albay', 'Bacacay', 'Bagatangki'),
(552, 'Albay', 'Bacacay', 'Barangay 1 (Poblacion)'),
(553, 'Albay', 'Bacacay', 'Barangay 2 (Poblacion)'),
(554, 'Albay', 'Bacacay', 'Barangay 3 (Poblacion)'),
(555, 'Albay', 'Bacacay', 'Barangay 4 (Poblacion)'),
(556, 'Albay', 'Bacacay', 'Barangay 5 (Poblacion)'),
(557, 'Albay', 'Bacacay', 'Barangay 6 (Poblacion)'),
(558, 'Albay', 'Bacacay', 'Barangay 7 (Poblacion)'),
(559, 'Albay', 'Bacacay', 'Barangay 8 (Poblacion)'),
(560, 'Albay', 'Bacacay', 'Barangay 9 (Poblacion)'),
(561, 'Albay', 'Bacacay', 'Barangay 10 (Poblacion)'),
(562, 'Albay', 'Bacacay', 'Barangay 11 (Poblacion)'),
(563, 'Albay', 'Bacacay', 'Barangay 12 (Poblacion)'),
(564, 'Albay', 'Bacacay', 'Barangay 13 (Poblacion)'),
(565, 'Albay', 'Bacacay', 'Barangay 14 (Poblacion)'),
(566, 'Albay', 'Bacacay', 'Barangay 15 (Poblacion)'),
(567, 'Albay', 'Bacacay', 'Barangay 16 (Poblacion)'),
(568, 'Albay', 'Bacacay', 'Barangay 17 (Poblacion)'),
(569, 'Albay', 'Bacacay', 'Barangay 18 (Poblacion)'),
(570, 'Albay', 'Bacacay', 'Barangay 19 (Poblacion)'),
(571, 'Albay', 'Bacacay', 'Barangay 20 (Poblacion)'),
(572, 'Albay', 'Bacacay', 'Barangay 21 (Poblacion)'),
(573, 'Albay', 'Bacacay', 'Barangay 22 (Poblacion)'),
(574, 'Albay', 'Bacacay', 'Barangay 23 (Poblacion)'),
(575, 'Albay', 'Bacacay', 'Barangay 24 (Poblacion)'),
(576, 'Albay', 'Bacacay', 'Barangay 25 (Poblacion)'),
(577, 'Albay', 'Bacacay', 'Barangay 26 (Poblacion)'),
(578, 'Albay', 'Bacacay', 'Barangay 27 (Poblacion)'),
(579, 'Albay', 'Bacacay', 'Barangay 28 (Poblacion)'),
(580, 'Albay', 'Bacacay', 'Barangay 29 (Poblacion)'),
(581, 'Albay', 'Bacacay', 'Barangay 30 (Poblacion)'),
(582, 'Albay', 'Bacacay', 'Barangay 31 (Poblacion)'),
(583, 'Albay', 'Bacacay', 'Barangay 32 (Poblacion)'),
(584, 'Albay', 'Bacacay', 'Barangay 33 (Poblacion)'),
(585, 'Albay', 'Bacacay', 'Barangay 34 (Poblacion)'),
(586, 'Albay', 'Bacacay', 'Barangay 35 (Poblacion)'),
(587, 'Albay', 'Bacacay', 'Barangay 36 (Poblacion)'),
(588, 'Albay', 'Bacacay', 'Barangay 37 (Poblacion)'),
(589, 'Albay', 'Bacacay', 'Barangay 38 (Poblacion)'),
(590, 'Albay', 'Bacacay', 'Barangay 39 (Poblacion)'),
(591, 'Albay', 'Bacacay', 'Barangay 40 (Poblacion)'),
(592, 'Albay', 'Bacacay', 'Barangay 41 (Poblacion)'),
(593, 'Albay', 'Bacacay', 'Barangay 42 (Poblacion)'),
(594, 'Albay', 'Bacacay', 'Barangay 43 (Poblacion)'),
(595, 'Albay', 'Bacacay', 'Barangay 44 (Poblacion)'),
(596, 'Albay', 'Bacacay', 'Barangay 45 (Poblacion)'),
(597, 'Albay', 'Bacacay', 'Barangay 46 (Poblacion)'),
(598, 'Albay', 'Bacacay', 'Barangay 47 (Poblacion)'),
(599, 'Albay', 'Bacacay', 'Barangay 48 (Poblacion)'),
(600, 'Albay', 'Bacacay', 'Barangay 49 (Poblacion)'),
(601, 'Albay', 'Bacacay', 'Barangay 50 (Poblacion)'),
(602, 'Albay', 'Bacacay', 'Barangay 51 (Poblacion)'),
(603, 'Albay', 'Bacacay', 'Barangay 52 (Poblacion)'),
(604, 'Albay', 'Bacacay', 'Barangay 53 (Poblacion)'),
(605, 'Albay', 'Bacacay', 'Barangay 54 (Poblacion)'),
(606, 'Albay', 'Bacacay', 'Barangay 55 (Poblacion)'),
(607, 'Albay', 'Bacacay', 'Barangay 56 (Poblacion)'),
(608, 'Albay', 'Malilipot', 'Balading'),
(609, 'Albay', 'Malilipot', 'Binitayan'),
(610, 'Albay', 'Malilipot', 'Calbayog'),
(611, 'Albay', 'Malilipot', 'Canaway'),
(612, 'Albay', 'Malilipot', 'Herrera'),
(613, 'Albay', 'Malilipot', 'Libjo'),
(614, 'Albay', 'Malilipot', 'Panan-awan'),
(615, 'Albay', 'Malilipot', 'San Antonio'),
(616, 'Albay', 'Malilipot', 'San Francisco'),
(617, 'Albay', 'Malilipot', 'San Jose'),
(618, 'Albay', 'Malilipot', 'San Roque'),
(619, 'Albay', 'Malilipot', 'San Vicente'),
(620, 'Albay', 'Malilipot', 'Santa Cruz'),
(621, 'Albay', 'Malilipot', 'Santa Teresa'),
(622, 'Albay', 'Malilipot', 'Sugod'),
(623, 'Albay', 'Malilipot', 'Tanagan'),
(624, 'Albay', 'Malilipot', 'Tayhi'),
(625, 'Albay', 'Malilipot', 'Tuliw'),
(626, 'Albay', 'Malinao', 'Bagatangki'),
(627, 'Albay', 'Malinao', 'Balading'),
(628, 'Albay', 'Malinao', 'Balza'),
(629, 'Albay', 'Malinao', 'Baybay'),
(630, 'Albay', 'Malinao', 'Bulang'),
(631, 'Albay', 'Malinao', 'Cabunturan'),
(632, 'Albay', 'Malinao', 'Comun'),
(633, 'Albay', 'Malinao', 'Estrella'),
(634, 'Albay', 'Malinao', 'Jonop'),
(635, 'Albay', 'Malinao', 'Labnig'),
(636, 'Albay', 'Malinao', 'Liberty'),
(637, 'Albay', 'Malinao', 'Malolos'),
(638, 'Albay', 'Malinao', 'Malinao (Poblacion)'),
(639, 'Albay', 'Malinao', 'Manaet'),
(640, 'Albay', 'Malinao', 'Masarawag'),
(641, 'Albay', 'Malinao', 'Ogob'),
(642, 'Albay', 'Malinao', 'Pantao'),
(643, 'Albay', 'Malinao', 'Pawa'),
(644, 'Albay', 'Malinao', 'Payahan'),
(645, 'Albay', 'Malinao', 'Poblacion'),
(646, 'Albay', 'Malinao', 'San Jose'),
(647, 'Albay', 'Malinao', 'San Pablo'),
(648, 'Albay', 'Malinao', 'San Ramon'),
(649, 'Albay', 'Malinao', 'Santa Elena'),
(650, 'Albay', 'Malinao', 'Santo Domingo'),
(651, 'Albay', 'Malinao', 'Tagoytoy'),
(652, 'Albay', 'Malinao', 'Tanawan'),
(653, 'Albay', 'Malinao', 'Tapel'),
(654, 'Albay', 'Malinao', 'Tumpa'),
(655, 'Albay', 'Manito', 'Balasbas'),
(656, 'Albay', 'Manito', 'Buyo'),
(657, 'Albay', 'Manito', 'Cabacongan'),
(658, 'Albay', 'Manito', 'Cawit'),
(659, 'Albay', 'Manito', 'Cawayan'),
(660, 'Albay', 'Manito', 'Hologan'),
(661, 'Albay', 'Manito', 'It-ba'),
(662, 'Albay', 'Manito', 'Malobago'),
(663, 'Albay', 'Manito', 'Manumbalay'),
(664, 'Albay', 'Manito', 'Nagas'),
(665, 'Albay', 'Manito', 'Pawa'),
(666, 'Albay', 'Manito', 'Quidolog'),
(667, 'Albay', 'Manito', 'Salvacion'),
(668, 'Albay', 'Manito', 'Santa Elena'),
(669, 'Albay', 'Manito', 'Tinapian'),
(670, 'Albay', 'Daraga', 'Alcala'),
(671, 'Albay', 'Daraga', 'Anislag'),
(672, 'Albay', 'Daraga', 'Bagumbayan'),
(673, 'Albay', 'Daraga', 'Bañadero'),
(674, 'Albay', 'Daraga', 'Bascaran'),
(675, 'Albay', 'Daraga', 'Bigao'),
(676, 'Albay', 'Daraga', 'Binitayan'),
(677, 'Albay', 'Daraga', 'Bogtong'),
(678, 'Albay', 'Daraga', 'Busay'),
(679, 'Albay', 'Daraga', 'Cagbacong'),
(680, 'Albay', 'Daraga', 'Calbayog'),
(681, 'Albay', 'Daraga', 'Camagong'),
(682, 'Albay', 'Daraga', 'Cullat'),
(683, 'Albay', 'Daraga', 'Dela Paz'),
(684, 'Albay', 'Daraga', 'Dinoronan'),
(685, 'Albay', 'Daraga', 'Gabawan'),
(686, 'Albay', 'Daraga', 'Ilawod'),
(687, 'Albay', 'Daraga', 'Kilicao'),
(688, 'Albay', 'Daraga', 'Kimantong'),
(689, 'Albay', 'Daraga', 'Kinawitan'),
(690, 'Albay', 'Daraga', 'Kiwalo'),
(691, 'Albay', 'Daraga', 'Lacag'),
(692, 'Albay', 'Daraga', 'Mabini'),
(693, 'Albay', 'Daraga', 'Malabog'),
(694, 'Albay', 'Daraga', 'Malobago'),
(695, 'Albay', 'Daraga', 'Market Area Poblacion'),
(696, 'Albay', 'Daraga', 'Mayon'),
(697, 'Albay', 'Daraga', 'Miisi'),
(698, 'Albay', 'Daraga', 'Nabasan'),
(699, 'Albay', 'Daraga', 'Pandan'),
(700, 'Albay', 'Daraga', 'Peñafrancia'),
(701, 'Albay', 'Daraga', 'Sagpon'),
(702, 'Albay', 'Daraga', 'Salvacion'),
(703, 'Albay', 'Daraga', 'San Francisco (Poblacion)'),
(704, 'Albay', 'Daraga', 'San Isidro'),
(705, 'Albay', 'Daraga', 'San Roque'),
(706, 'Albay', 'Daraga', 'San Ramon'),
(707, 'Albay', 'Daraga', 'Santa Cruz'),
(708, 'Albay', 'Daraga', 'Santa Maria'),
(709, 'Albay', 'Daraga', 'Santo Cristo'),
(710, 'Albay', 'Daraga', 'Sua-Irong'),
(711, 'Albay', 'Daraga', 'Tagas'),
(712, 'Albay', 'Daraga', 'Talahib'),
(713, 'Albay', 'Daraga', 'Talongog'),
(714, 'Albay', 'Daraga', 'Tambo'),
(715, 'Albay', 'Daraga', 'Taplacon'),
(716, 'Albay', 'Daraga', 'Tinampo'),
(717, 'Albay', 'Daraga', 'Upper Malabog'),
(718, 'Albay', 'Daraga', 'Victory Village North'),
(719, 'Albay', 'Daraga', 'Victory Village South'),
(720, 'Albay', 'Daraga', 'Villahermosa'),
(721, 'Albay', 'Daraga', 'Yawa'),
(722, 'Albay', 'Daraga', 'Ziga Avenue Poblacion'),
(723, 'Albay', 'Legazpi City', 'Arimbay'),
(724, 'Albay', 'Legazpi City', 'Bagacay'),
(725, 'Albay', 'Legazpi City', 'Bagong Abre'),
(726, 'Albay', 'Legazpi City', 'Bagong Bayan'),
(727, 'Albay', 'Legazpi City', 'Banquerohan'),
(728, 'Albay', 'Legazpi City', 'Bariis'),
(729, 'Albay', 'Legazpi City', 'Bigaa'),
(730, 'Albay', 'Legazpi City', 'Bogtong'),
(731, 'Albay', 'Legazpi City', 'Bonga'),
(732, 'Albay', 'Legazpi City', 'Buragwis'),
(733, 'Albay', 'Legazpi City', 'Buyuan'),
(734, 'Albay', 'Legazpi City', 'Cabangan'),
(735, 'Albay', 'Legazpi City', 'Cabangan East'),
(736, 'Albay', 'Legazpi City', 'Cabangan West'),
(737, 'Albay', 'Legazpi City', 'Cagbacong'),
(738, 'Albay', 'Legazpi City', 'Cagñipa'),
(739, 'Albay', 'Legazpi City', 'Cagñipa East'),
(740, 'Albay', 'Legazpi City', 'Cagñipa West'),
(741, 'Albay', 'Legazpi City', 'Cawayan'),
(742, 'Albay', 'Legazpi City', 'Cruzada'),
(743, 'Albay', 'Legazpi City', 'Dap-dap'),
(744, 'Albay', 'Legazpi City', 'Dinagaan'),
(745, 'Albay', 'Legazpi City', 'EM’s Barrio South'),
(746, 'Albay', 'Legazpi City', 'EM’s Barrio East'),
(747, 'Albay', 'Legazpi City', 'EM’s Barrio West'),
(748, 'Albay', 'Legazpi City', 'Estanza'),
(749, 'Albay', 'Legazpi City', 'Gogon'),
(750, 'Albay', 'Legazpi City', 'Ilawod East'),
(751, 'Albay', 'Legazpi City', 'Ilawod West'),
(752, 'Albay', 'Legazpi City', 'Imalnod'),
(753, 'Albay', 'Legazpi City', 'Lamba'),
(754, 'Albay', 'Legazpi City', 'Lapuz'),
(755, 'Albay', 'Legazpi City', 'Libod'),
(756, 'Albay', 'Legazpi City', 'Maoyod'),
(757, 'Albay', 'Legazpi City', 'Mariawa'),
(758, 'Albay', 'Legazpi City', 'Maslog'),
(759, 'Albay', 'Legazpi City', 'Mataas'),
(760, 'Albay', 'Legazpi City', 'Padang'),
(761, 'Albay', 'Legazpi City', 'Pinaric'),
(762, 'Albay', 'Legazpi City', 'Pigcale'),
(763, 'Albay', 'Legazpi City', 'Rawis'),
(764, 'Albay', 'Legazpi City', 'Rizal Street Poblacion'),
(765, 'Albay', 'Legazpi City', 'Sabang'),
(766, 'Albay', 'Legazpi City', 'San Joaquin'),
(767, 'Albay', 'Legazpi City', 'San Roque'),
(768, 'Albay', 'Legazpi City', 'Santo Cristo'),
(769, 'Albay', 'Legazpi City', 'Taysan'),
(770, 'Albay', 'Legazpi City', 'Tula-tula'),
(771, 'Albay', 'Legazpi City', 'Victory Village'),
(772, 'Albay', 'Legazpi City', 'Bañadero'),
(773, 'Albay', 'Legazpi City', 'Binanuahan'),
(774, 'Albay', 'Legazpi City', 'Bonot'),
(775, 'Albay', 'Legazpi City', 'Buyoan'),
(776, 'Albay', 'Legazpi City', 'Ilawod South'),
(777, 'Albay', 'Legazpi City', 'Ilawod North'),
(778, 'Albay', 'Legazpi City', 'Kawit-East Washington Drive'),
(779, 'Albay', 'Legazpi City', 'Kawit-West Washington Drive'),
(780, 'Albay', 'Legazpi City', 'Legazpi Port District'),
(781, 'Albay', 'Legazpi City', 'Oro Site'),
(782, 'Albay', 'Legazpi City', 'Peñaranda'),
(783, 'Albay', 'Legazpi City', 'Sagpon'),
(784, 'Albay', 'Legazpi City', 'San Francisco'),
(785, 'Albay', 'Legazpi City', 'Small Igang'),
(786, 'Albay', 'Legazpi City', 'Tambo'),
(787, 'Albay', 'Legazpi City', 'Tinago'),
(788, 'Albay', 'Legazpi City', 'Victory Village North'),
(789, 'Albay', 'Legazpi City', 'Victory Village South'),
(790, 'Albay', 'Legazpi City', 'Washington Drive'),
(791, 'Albay', 'Legazpi City', 'White Beach'),
(792, 'Albay', 'Legazpi City', 'Bitano');

-- --------------------------------------------------------

--
-- Table structure for table `positions`
--

CREATE TABLE `positions` (
  `position_id` int(11) NOT NULL,
  `position_name` varchar(100) NOT NULL
) ENGINE=InnoDB DEFAULT CHARSET=utf8mb4 COLLATE=utf8mb4_general_ci;

--
-- Dumping data for table `positions`
--

INSERT INTO `positions` (`position_id`, `position_name`) VALUES
(25, 'Administrative Aide 1'),
(26, 'Administrative Aide 2'),
(27, 'Administrative Aide 3'),
(28, 'Administrative Aide 4'),
(29, 'Administrative Aide 5'),
(30, 'Administrative Aide 6'),
(22, 'Administrative Assistant 1'),
(23, 'Administrative Assistant 2'),
(24, 'Administrative Assistant 3'),
(17, 'Administrative Officer 1'),
(18, 'Administrative Officer 2'),
(19, 'Administrative Officer 3'),
(20, 'Administrative Officer 4'),
(21, 'Administrative Officer 5'),
(8, 'Master Teacher 1'),
(9, 'Master Teacher 2'),
(10, 'Master Teacher 3'),
(11, 'Master Teacher 4'),
(12, 'Master Teacher 5'),
(13, 'Principal 1'),
(14, 'Principal 2'),
(15, 'Principal 3'),
(16, 'Principal 4'),
(1, 'Teacher 1'),
(2, 'Teacher 2'),
(3, 'Teacher 3'),
(4, 'Teacher 4'),
(5, 'Teacher 5'),
(6, 'Teacher 6'),
(7, 'Teacher 7'),
(31, 'Utility');

-- --------------------------------------------------------

--
-- Table structure for table `pupils`
--

CREATE TABLE `pupils` (
  `pupil_id` int(11) NOT NULL,
  `teacher_id` int(11) NOT NULL,
  `lrn` varchar(12) NOT NULL,
  `last_name` varchar(100) DEFAULT NULL,
  `first_name` varchar(100) DEFAULT NULL,
  `middle_name` varchar(100) DEFAULT NULL,
  `sex` enum('Male','Female') DEFAULT NULL,
  `birthdate` date DEFAULT NULL,
  `age` int(11) DEFAULT NULL,
  `mother_tongue` varchar(100) DEFAULT NULL,
  `ip_ethnicity` varchar(100) DEFAULT NULL,
  `religion` varchar(100) DEFAULT NULL,
  `house_no_street` varchar(155) DEFAULT NULL,
  `barangay` varchar(100) DEFAULT NULL,
  `municipality` varchar(100) DEFAULT NULL,
  `province` varchar(100) DEFAULT NULL,
  `father_name` varchar(150) DEFAULT NULL,
  `mother_name` varchar(150) DEFAULT NULL,
  `guardian_name` varchar(150) DEFAULT NULL,
  `relationship_to_guardian` varchar(100) DEFAULT NULL,
  `contact_number` varchar(20) DEFAULT NULL,
  `learning_modality` varchar(255) DEFAULT NULL,
  `remarks` varchar(255) DEFAULT NULL,
  `sy_id` int(11) NOT NULL,
  `section_id` int(11) NOT NULL,
  `status` varchar(20) DEFAULT 'enrolled'
) ENGINE=InnoDB DEFAULT CHARSET=utf8mb4 COLLATE=utf8mb4_general_ci;

--
-- Dumping data for table `pupils`
--

INSERT INTO `pupils` (`pupil_id`, `teacher_id`, `lrn`, `last_name`, `first_name`, `middle_name`, `sex`, `birthdate`, `age`, `mother_tongue`, `ip_ethnicity`, `religion`, `house_no_street`, `barangay`, `municipality`, `province`, `father_name`, `mother_name`, `guardian_name`, `relationship_to_guardian`, `contact_number`, `learning_modality`, `remarks`, `sy_id`, `section_id`, `status`) VALUES
(932, 6, '111762190130', 'ABILA', 'NASH', 'SEVILLA', 'Male', '2014-06-26', 9, 'Bikol, Libon', '', 'Christianity', '', 'Zone IV (Poblacion)', 'Libon', 'Albay', 'ABILA, JOMER SECRETO', 'SEVILLA,JOVELYN,IBARRETA,', '', '', '', 'Face to Face', '', 13, 15, 'enrolled'),
(933, 6, '111762190017', 'BORDALANGA', 'ROBI MON', 'SAPALICIO', 'Male', '2013-08-31', 10, 'Bikol, Libon', '', 'Christianity', '', 'Zone V (Poblacion)', 'Libon', 'Albay', 'BORDALANGA, RAMON BUENCONSEJO', 'SAPALICIO,MICHAELA,BRAGA,', '', '', '', 'Face to Face', '', 13, 15, 'enrolled'),
(934, 6, '111762190028', 'CABALLERO', 'LANCE EITHAN', 'PORTEM', 'Male', '2014-03-13', 9, 'Bikol, Libon', '', 'Christianity', '', 'Zone V (Poblacion)', 'Libon', 'Albay', 'CABALLERO, REY FRANCIS ALVARADO', 'PORTEM,LAARNI,SECILLANO,', '', '', '', 'Face to Face', '', 13, 15, 'enrolled'),
(935, 6, '111762170032', 'GONZALES', 'JOSHUA', 'VASQUEZ', 'Male', '2012-06-06', 11, 'Bikol, Libon', '', 'Christianity', '', 'Zone I (Poblacion)', 'Libon', 'Albay', 'GONZALES, DAREN SALVADORA', 'VASQUEZ,ROSE,BRITANICO,', '', '', '', 'Face to Face', '', 13, 15, 'enrolled'),
(936, 6, '111762190125', 'OLARTE', 'JARED', 'NIEVA', 'Male', '2014-04-27', 9, 'Bikol, Libon', '', 'Christianity', '', 'Zone I (Poblacion)', 'Libon', 'Albay', 'OLARTE, JOSEPH PEREJEL', 'NIEVA,MARIA,BRIN,', '', '', '', 'Face to Face', '', 13, 15, 'enrolled'),
(937, 6, '112011190085', 'POSADA', 'JOHN XANDER', 'RICON', 'Male', '2014-07-06', 9, 'Bikol', '', 'Christianity', '', 'Marayag', 'Libon', 'Albay', 'POSADA, ROMEO AGARIN JR', 'RICON,JEAN,PARADO,', '', '', '', 'Face to Face', 'T/I DATE:2023-08-29', 13, 15, 'enrolled'),
(938, 6, '111762190124', 'REBLORA', 'ARBY', 'PAYNO', 'Male', '2013-10-31', 10, 'Bikol, Libon', '', 'Christianity', '', 'Zone VI (Poblacion)', 'Libon', 'Albay', 'REBLORA, RANDY SADIA', 'PAYNO,BEVERLY,EVANGELISTA,', '', '', '', 'Face to Face', 'T/O DATE:2023/08/30', 13, 15, 'enrolled'),
(939, 6, '111762190141', 'REDOBE', 'WARREN', 'LUNAS', 'Male', '2013-11-06', 9, 'Bikol, Libon', '', 'Christianity', '', 'Zone I (Poblacion)', 'Libon', 'Albay', 'REDOBE, ROGELIO NGAPAY', 'LUNAS,MARIVIC,SANTILLAN,', '', '', '', 'Face to Face', '', 13, 15, 'enrolled'),
(940, 6, '111762190016', 'SAPALICIO', 'TYRONE MAC AXELL', 'CALPITO', 'Male', '2013-10-18', 10, 'Bikol, Libon', '', 'Christianity', '', 'Zone V (Poblacion)', 'Libon', 'Albay', 'SAPALICIO, ROMEO AVELINO JR', 'CALPITO,JESSICA,SAYSON,', '', '', '', 'Face to Face', '', 13, 15, 'enrolled'),
(941, 6, '111762170162', 'SARIO', 'AR-JAY', 'NAZARET', 'Male', '2010-10-03', 13, 'Bikol, Libon', '', 'Christianity', '', 'Zone I (Poblacion)', 'Libon', 'Albay', 'SARIO, JOSEPH ABILA', 'NAZARET,ARLENE,SIONICIO,', '', '', '', 'Face to Face', '', 13, 15, 'enrolled'),
(942, 6, '111762190021', 'SARIOLA', 'BEN JOHN IVAN', 'SEVA', 'Male', '2013-11-28', 9, 'Bikol, Libon', '', 'Christianity', '', 'Zone I (Poblacion)', 'Libon', 'Albay', 'SARIOLA, LESTER MARISCOTES', 'SEVA,MAOLEEN ASTRID,SEGUI,', '', '', '', 'Face to Face', '', 13, 15, 'enrolled'),
(943, 6, '111762190023', 'SEGARRA', 'ARJAY', 'GILE', 'Male', '2014-05-16', 9, 'Bikol, Libon', '', 'Christianity', '', 'Zone VI (Poblacion)', 'Libon', 'Albay', 'SEGARRA, HAJJE REMPIS', 'GILE,MARIVIC,APOLINAR,', '', '', '', 'Face to Face', '', 13, 15, 'enrolled'),
(944, 6, '111762190134', 'SIANOYA', 'SEAN IVANNE', 'PINEDA', 'Male', '2013-10-07', 10, 'Bikol, Libon', '', 'Christianity', '', 'Zone I (Poblacion)', 'Libon', 'Albay', 'SIANOYA, SHAUN LOMEDA', 'PINEDA,MARIVIC,ORDILLANO,', '', '', '', 'Face to Face', '', 13, 15, 'enrolled'),
(945, 6, '111762190046', 'VASQUEZ', 'JAMES EMMANUEL', 'LANGCAUON', 'Male', '2013-11-07', 9, 'Bikol, Libon', '', 'Christianity', '', 'Zone I (Poblacion)', 'Libon', 'Albay', 'VASQUEZ, MANUEL MIDAY', 'LANGCAUON,JAMIESCE DONNAMAE,MARAÑO,', '', '', '', 'Face to Face', '', 13, 15, 'enrolled'),
(946, 6, '111762190116', 'BALITON', 'SARANGMAY', 'SATUITO', 'Female', '2014-05-22', 9, 'Bikol, Libon', '', 'Christianity', '', 'Zone II (Poblacion)', 'Libon', 'Albay', 'BALITON, DOMINADOR VICENTE MONDRAGO', 'SATUITO,ARISTEA,SALDO,', '', '', '', 'Face to Face', '', 13, 15, 'enrolled'),
(947, 6, '111762190079', 'BENAVIDEZ', 'ASHLEY JANE', 'COSTUDIO', 'Female', '2014-06-10', 9, 'Bikol, Libon', '', 'Christianity', '', 'Zone I (Poblacion)', 'Libon', 'Albay', 'BENAVIDEZ, MARK ARLAN LAREZA', 'COSTUDIO,EMELYN,ARSULA,', '', '', '', 'Face to Face', '', 13, 15, 'enrolled'),
(948, 6, '111762190074', 'BON', 'ROSALIE', 'RODRIGUEZ', 'Female', '2013-10-03', 10, 'Bikol, Libon', '', 'Christianity', '', 'Zone IV (Poblacion)', 'Libon', 'Albay', 'BON, ARNULFO ROARING', 'RODRIGUEZ,ROSALINDA,NUAL,', '', '', '', 'Face to Face', '', 13, 15, 'enrolled'),
(949, 6, '432524190036', 'BRIZO', 'JHANNA KHEY', 'ORDANZA', 'Female', '2014-01-07', 9, 'Bikol, Libon', '', 'Christianity', '', 'Marayag', 'Libon', 'Albay', 'BRIZO, ANGEL RUBIA', 'ORDANZA,KAREN,ALDE,', '', '', '', 'Face to Face', '', 13, 15, 'enrolled'),
(950, 6, '111762190108', 'CASTILLO', 'JHOBELLE ANNE', 'RODRIGUEZ', 'Female', '2013-11-01', 9, 'Bikol, Libon', '', 'Christianity', '', 'Zone I (Poblacion)', 'Libon', 'Albay', 'CASTILLO, ANTONIO SARRA JR', 'RODRIGUEZ,BLECILDA AURELIA,SINAON,', '', '', '', 'Face to Face', '', 13, 15, 'enrolled'),
(951, 6, '111762190120', 'GONZALES', 'NICOLE', 'VASQUEZ', 'Female', '2014-03-21', 9, 'Bikol, Libon', '', 'Christianity', '', 'San Isidro', 'Libon', 'Albay', 'GONZALES, DAREN SALVADORA', 'VASQUEZ,ROSE,B,', '', '', '', 'Face to Face', '', 13, 15, 'enrolled'),
(952, 6, '111762190171', 'LAYRON', 'KHATE', 'FLORES', 'Female', '2014-08-26', 9, 'Bikol, Libon', '', 'Christianity', '', 'Zone I (Poblacion)', 'Libon', 'Albay', 'LAYRON, JORDAN SIASA', 'FLORES,LIEZEL,OBINA,', '', '', '', 'Face to Face', '', 13, 15, 'enrolled'),
(953, 6, '403612190001', 'ORTEGA', 'PRECIOUS ZOEY', 'PEÑAFLOR', 'Female', '2014-05-29', 9, 'Tagalog', '', 'Christianity', '', 'Alnay', 'Polangui', 'Albay', 'ORTEGA, CERIACO DE LA CRUZ JR', 'PEÑAFLOR,JEANETTE,BANGA,', '', '', '', 'Face to Face', 'T/I DATE:2023-08-29', 13, 15, 'enrolled'),
(954, 6, '111762190091', 'REMPILLO', 'GHIANA CHESKA', 'RIPARIP', 'Female', '2013-12-31', 9, 'Bikol, Libon', '', 'Christianity', '', 'Zone IV (Poblacion)', 'Libon', 'Albay', 'REMPILLO, SAMMY LODRONIO', 'RIPARIP,MARIBEL,ROARING,', '', '', '', 'Face to Face', '', 13, 15, 'enrolled'),
(955, 6, '111762190117', 'REMPILLO', 'KATE ANGELA', 'BELEN', 'Female', '2014-06-02', 9, 'Bikol, Libon', '', 'Christianity', '', 'Zone I (Poblacion)', 'Libon', 'Albay', 'REMPILLO, GREGORIO VASQUEZ', 'BELEN,ELMA,LOCANAS,', '', '', '', 'Face to Face', '', 13, 15, 'enrolled'),
(956, 6, '111762190094', 'SEDA', 'JHELLIAN', 'FABILANE', 'Female', '2014-05-21', 9, 'Bikol, Libon', '', 'Christianity', '', 'Zone VII (Poblacion)', 'Libon', 'Albay', 'SEDA, JERSON IMBUDO', 'FABILANE,JULIE ANN,ALBEZA,', '', '', '', 'Face to Face', '', 13, 15, 'enrolled'),
(957, 6, '111762190114', 'SEGUBIENSE', 'CRIZA', 'BALMACEDA', 'Female', '2014-08-07', 9, 'Bikol, Libon', '', 'Christianity', '', 'Zone I (Poblacion)', 'Libon', 'Albay', 'SEGUBIENSE, JOSE SARIOLA JR', 'BALMACEDA,AIZA,SON,', '', '', '', 'Face to Face', '', 13, 15, 'enrolled'),
(958, 6, '501214190016', 'SEGUBIENSE', 'KENDRA LOUISE', 'RONQUILLO', 'Female', '2013-10-17', 10, 'Tagalog', '', 'Christianity', '', 'Las PiÑas', 'PeÑaranda', 'Nueva Ecija', 'SEGUBIENSE, REX SASOTA', 'RONQUILLO,MARY ANN,SANCHEZ,', '', '', '', 'Face to Face', '', 13, 15, 'enrolled'),
(959, 6, '111762190142', 'SERRANO', 'SUMMER BRIELLE', '-', 'Female', '2014-05-05', 9, 'Bikol, Libon', '', 'Christianity', '', 'Zone I (Poblacion)', 'Libon', 'Albay', '', 'SERRANO,JAN CHARMAINE,OSILLADA,', '', '', '', 'Face to Face', '', 13, 15, 'enrolled'),
(960, 6, '111762190101', 'TOJERO', 'RHIANE JADE', 'SATUITO', 'Female', '2014-06-02', 9, 'Bikol, Libon', '', 'Christianity', '', 'Zone II (Poblacion)', 'Libon', 'Albay', 'TOJERO, MANUEL MADRIAGA JR', 'SATUITO,ROSELA,SASOTA,', '', '', '', 'Face to Face', '', 13, 15, 'enrolled'),
(961, 6, '111762190104', 'TUAL', 'KAZANDRA MAE', 'BALMACEDA', 'Female', '2012-12-09', 10, 'Bikol, Libon', '', 'Christianity', '', 'Zone I (Poblacion)', 'Libon', 'Albay', 'TUAL, MARK MANGAHIS', 'BALMACEDA,MYRA,BAUTISTA,', '', '', '', 'Face to Face', '', 13, 15, 'enrolled'),
(962, 6, '111762190122', 'TUGBO', 'ZARIAH ELLISE', 'SEGUI', 'Female', '2014-04-19', 9, 'Bikol, Libon', '', 'Christianity', '', 'Zone V (Poblacion)', 'Libon', 'Albay', 'TUGBO, JOSEPH PRECONES', 'SEGUI,NUELISA,RAYALA,', '', '', '', 'Face to Face', '', 13, 15, 'enrolled'),
(963, 6, '111762190170', 'VASQUEZ', 'SAYLHENE', 'SAYSON', 'Female', '2014-08-27', 9, 'Bikol, Libon', '', 'Christianity', '', 'Zone VII (Poblacion)', 'Libon', 'Albay', 'VASQUEZ, KIRVIN SAN JUAN', 'SAYSON,ARLENE,RANON,', '', '', '', 'Face to Face', '', 13, 15, 'enrolled'),
(964, 6, '111762200040', 'ABILA', 'ARSH JUSHEL', 'SADIA', 'Male', '2014-09-17', 10, 'Bikol, Libon', '', 'Christianity', '', 'Marayag', 'Libon', 'Albay', 'ABILA, ARNOLD DECEPIDA', 'SADIA,SHIELA,MARINAY,', '', '', '', 'Face to Face', '', 14, 10, 'enrolled'),
(965, 6, '111762190005', 'ABILA', 'ENGELTON JOHN', 'BUCAD', 'Male', '2014-05-13', 10, 'Bikol, Libon', '', 'Christianity', '', 'Zone II (Poblacion)', 'Libon', 'Albay', 'ABILA, ELTON JOHN LLABRES', 'BUCAD,RHIZZA,BORROMEO,', '', '', '', 'Face to Face', '', 14, 10, 'enrolled'),
(966, 6, '111762200049', 'AGUILAR', 'NOAH', 'SEGUBIENSE', 'Male', '2015-03-08', 9, 'Bikol, Libon', '', 'Christianity', '', 'Zone VII (Poblacion)', 'Libon', 'Albay', 'AGUILAR, NOEL CABILES', 'SEGUBIENSE,CHERRYLL,SEDA,', '', '', '', 'Face to Face', '', 14, 10, 'enrolled'),
(967, 6, '111762200032', 'BAGASBAS', 'XANDER', 'MENDOZA', 'Male', '2015-01-04', 9, 'Bikol, Libon', '', 'Christianity', '', 'Zone VII (Poblacion)', 'Libon', 'Albay', 'BAGASBAS, DEXTER LOSALA', 'MENDOZA,MELANIE,NUYDA,', '', '', '', 'Face to Face', '', 14, 10, 'enrolled'),
(968, 6, '111762200111', 'BOLATON', 'DAN DAVE', 'TUGAY', 'Male', '2015-01-31', 9, 'Bikol, Libon', '', 'Christianity', '', 'Zone II (Poblacion)', 'Libon', 'Albay', 'BOLATON, DANILO BONGAR', 'TUGAY,MINERVA,VALENZUELA,', '', '', '', 'Face to Face', '', 14, 10, 'enrolled'),
(969, 6, '122904190004', 'BULAGNIR', 'ELBERT', 'GUERRERO', 'Male', '2014-05-20', 10, 'Waray', '', 'Christianity', '', 'Magtuad', 'Catubig', 'Northern Samar', 'BULAGNIR, RICK CALAOR', 'GUERRERO,ELIZABETH,SARIO,', '', '', '', 'Modular (print)', 'T/I DATE:2024-07-29', 14, 10, 'enrolled'),
(970, 6, '111762200045', 'GUISIHAN', 'PRINCE JHULES', 'SARIOLA', 'Male', '2015-07-08', 9, 'Bikol, Libon', '', 'Christianity', '', 'Zone VII (Poblacion)', 'Libon', 'Albay', 'GUISIHAN, LARRY CARIAS', 'SARIOLA,ANALIZA,SEDA,', '', '', '', 'Face to Face', '', 14, 10, 'enrolled'),
(971, 6, '111762170126', 'MARCOS', 'MARK JHION', 'OSIMAN', 'Male', '2011-08-16', 13, 'Bikol, Libon', '', 'Christianity', '', 'Zone III (Poblacion)', 'Libon', 'Albay', 'MARCOS, MARCEL GABION', 'OSIMAN,MARIFE,LUNO LUNO,', '', '', '', 'Face to Face', '', 14, 10, 'enrolled'),
(972, 6, '111762200080', 'MARVILLA', 'MARK ANTHONY', 'REMPILLO', 'Male', '2014-11-23', 9, 'Bikol, Libon', '', 'Christianity', '', 'Zone I (Poblacion)', 'Libon', 'Albay', 'MARVILLA, GERALD BUBAN', 'REMPILLO,GRACE,VASQUEZ,', '', '', '', 'Face to Face', '', 14, 10, 'enrolled'),
(973, 6, '111762200079', 'MIJARES', 'JOEMAR', 'BENAVIDEZ', 'Male', '2015-06-23', 9, 'Bikol, Libon', '', 'Christianity', '', 'Zone I (Poblacion)', 'Libon', 'Albay', 'MIJARES, MARIO BAHIAN', 'BENAVIDEZ,JOCELYN,LAREZA,', '', '', '', 'Face to Face', '', 14, 10, 'enrolled'),
(974, 6, '112011200201', 'PEREZ', 'KEAN ANDREI', 'MARISTELA', 'Male', '2014-09-03', 10, 'Bikol', '', 'Christianity', '', 'Kinale', 'Polangui', 'Albay', 'PEREZ, DANILO BONTIGAO', 'MARISTELA,APRIL,DIOCARAZA,', '', '', '', 'Face to Face', 'T/I DATE:2024-07-29', 14, 10, 'enrolled'),
(975, 6, '111762200055', 'RETADA', 'CJAY', 'CAMONIAS', 'Male', '2015-06-17', 9, 'Bikol, Libon', '', 'Christianity', '', 'Zone II (Poblacion)', 'Libon', 'Albay', 'RETADA, CELEDONIO FERNANDEZ', 'CAMONIAS,JINKY,NARCISO,', '', '', '', 'Face to Face', '', 14, 10, 'enrolled'),
(976, 6, '111762190013', 'ROARING', 'JOHN EZEQUIEL', 'NOEL', 'Male', '2013-12-22', 10, 'Bikol, Libon', '', 'Christianity', '', 'Zone III (Poblacion)', 'Libon', 'Albay', '', 'ROARING,MA LOURDES,NOEL,', '', '', '', 'Face to Face', '', 14, 10, 'enrolled'),
(977, 6, '111762200076', 'SAYAT', 'JOVEN JOSH', 'SANTILLAN', 'Male', '2015-03-30', 9, 'Bikol, Libon', '', 'Christianity', '', 'San Isidro', 'Libon', 'Albay', 'SAYAT, JOVEN BAUTISTA', 'SANTILLAN,JOSEFINA,NARIO,', '', '', '', 'Face to Face', '', 14, 10, 'enrolled'),
(978, 6, '111762190132', 'SEDA', 'LEIANDRO', 'ROPAN', 'Male', '2013-10-29', 11, 'Bikol, Libon', '', 'Christianity', '', 'Zone VII (Poblacion)', 'Libon', 'Albay', 'SEDA, ALEJANDRO SAYSON', 'ROPAN,SHEENA,RUBIS,', '', '', '', 'Face to Face', '', 14, 10, 'enrolled'),
(979, 6, '111762200057', 'SEVA', 'JARREN JADE', 'OBAL', 'Male', '2014-10-20', 10, 'Bikol, Libon', '', 'Christianity', '', 'Zone V (Poblacion)', 'Libon', 'Albay', '', 'SEVA,WINNIE,OBAL,', '', '', '', 'Face to Face', '', 14, 10, 'enrolled'),
(980, 6, '111762200034', 'SEVA', 'JHON FRANKLIN', 'PERILLO', 'Male', '2014-08-24', 10, 'Bikol, Libon', '', 'Christianity', '', 'Zone V (Poblacion)', 'Libon', 'Albay', 'SEVA, WILBERT OBAL', 'PERILLO,MARIA TESSA,VASQUEZ,', '', '', '', 'Face to Face', '', 14, 10, 'enrolled'),
(981, 6, '111762200012', 'BASILLA', 'ALLIAH', 'RETANAN', 'Female', '2014-11-08', 9, 'Tagalog', '', 'Christianity', '', 'Zone I (Poblacion)', 'Libon', 'Albay', 'BASILLA, LEO ROSAL', 'RETANAN,AIZA,NUYDA,', '', '', '', 'Face to Face', '', 14, 10, 'enrolled'),
(982, 6, '111762200089', 'BOLANTE', 'DAISY', 'LOSERIAGA', 'Female', '2013-12-17', 10, 'Bikol, Libon', '', 'Christianity', '', 'Zone IV (Poblacion)', 'Libon', 'Albay', 'BOLANTE, FREDDIE OLASO', 'LOSERIAGA,MARIA,LITA,', '', '', '', 'Face to Face', '', 14, 10, 'enrolled'),
(983, 6, '111762200065', 'CONCEPCION', 'ALTHEA', 'OCAMPO', 'Female', '2014-09-26', 10, 'Bikol, Libon', '', 'Christianity', '', 'Zone I (Poblacion)', 'Libon', 'Albay', 'CONCEPCION, ARNEL MANGAMPO', 'OCAMPO,ELVIE,REGALARIO,', '', '', '', 'Face to Face', '', 14, 10, 'enrolled'),
(984, 6, '111762200119', 'DYCOCO', 'GENEVA RICH', 'OLICIA', 'Female', '2014-10-15', 10, 'Bikol, Libon', '', 'Christianity', '', 'Zone I (Poblacion)', 'Libon', 'Albay', 'DYCOCO, JOE RICARDO RAMOS', 'OLICIA,LUZVEMINDA,DELITINA,', '', '', '', 'Face to Face', '', 14, 10, 'enrolled'),
(985, 6, '111762190145', 'LOPERA', 'ELLA MAE', 'BORLAGDAN', 'Female', '2013-09-23', 11, 'Bikol, Libon', '', 'Christianity', '', 'San Isidro', 'Libon', 'Albay', 'LOPERA, JONEL PACARDO', 'BORLAGDAN,CRESTY,LUMERIO,', '', '', '', 'Face to Face', '', 14, 10, 'enrolled'),
(986, 6, '111762200117', 'ORDANZA', 'TIFFANY VIEN', 'SEVILLA', 'Female', '2014-11-17', 9, 'Bikol, Libon', '', 'Christianity', '', 'Zone II (Poblacion)', 'Libon', 'Albay', 'ORDANZA, MICHAEL MIRAVEL', 'SEVILLA,VELUZ,VILLAGOMEZ,', '', '', '', 'Face to Face', '', 14, 10, 'enrolled'),
(987, 6, '111762200141', 'PRELLEGERA', 'JAEZSHA', 'LOSMAGOS', 'Female', '2014-11-12', 9, 'Bikol, Libon', '', 'Christianity', '', 'Zone V (Poblacion)', 'Libon', 'Albay', 'PRELLEGERA, RODRIGO JR BUCO', 'LOSMAGOS,JENNEFER,AJETO,', '', '', '', 'Face to Face', '', 14, 10, 'enrolled'),
(988, 6, '102170200086', 'RAMOS', 'EURICA ZILE', 'MORILLA', 'Female', '2015-08-09', 9, 'Pangasinan', '', 'Christianity', '', 'Zone I (Poblacion)', 'Libon', 'Albay', 'RAMOS, JOFEL GARCIA', 'MORILLA,MARIAH ELIZABETH,LLEGO,', '', '', '', 'Face to Face', '', 14, 10, 'enrolled'),
(989, 6, '111762200072', 'RIVERA', 'LYCA', 'BALANDRA', 'Female', '2015-02-22', 9, 'Bikol, Libon', '', 'Christianity', '', 'Zone IV (Poblacion)', 'Libon', 'Albay', 'RIVERA, JOSELITO BON SR', 'BALANDRA,ASUNCION,CEDO,', '', '', '', 'Face to Face', '', 14, 10, 'enrolled'),
(990, 6, '111762190093', 'RONQUILLO', 'ALTHEA', 'SEDA', 'Female', '2013-11-19', 10, 'Bikol, Libon', '', 'Christianity', '', 'Zone VII (Poblacion)', 'Libon', 'Albay', 'RONQUILLO, LUDOVICO DECLARO JR', 'SEDA,ELENA,CORPORAL,', '', '', '', 'Face to Face', '', 14, 10, 'enrolled'),
(991, 6, '111762200030', 'SANCHEZ', 'SOPHIA JANE', 'OSILA', 'Female', '2014-11-24', 9, 'Tagalog', '', 'Christianity', '', 'Zone I (Poblacion)', 'Libon', 'Albay', 'SANCHEZ, CESAR PATINGO', 'OSILA,ELEANOR,REPUBLICA,', '', '', '', 'Face to Face', '', 14, 10, 'enrolled'),
(992, 6, '112011200143', 'SARIBONG', 'SCYLAH JULIANIE', 'SACUEZA', 'Female', '2015-07-10', 9, 'Bikol', '', 'Christianity', '', 'Zone II (Poblacion)', 'Libon', 'Albay', 'SARIBONG, GIOVANNI MACINAS', 'SACUEZA,CRISTYL,OSEA,', '', '', '', 'Face to Face', '', 14, 10, 'enrolled'),
(993, 6, '111762200011', 'SEVA', 'EMMANUELLE', 'CENAL', 'Female', '2015-06-20', 9, 'Tagalog', '', 'Christianity', '', 'Zone VII (Poblacion)', 'Libon', 'Albay', 'SEVA, FERDINAND BOMBITA', 'CENAL,SHARA,LLOSALA,', '', '', '', 'Face to Face', 'T/I DATE:2024-07-29', 14, 10, 'enrolled'),
(994, 6, '111762200127', 'VASQUEZ', 'ANNICA EUNICE', 'GARILAO', 'Female', '2015-04-04', 9, 'Bikol, Libon', '', 'Christianity', '', 'Zone I (Poblacion)', 'Libon', 'Albay', 'VASQUEZ, EDWIN MIDAY', 'GARILAO,ARLENE,SAYSON,', '', '', '', 'Face to Face', '', 14, 10, 'enrolled'),
(995, 6, '111762200136', 'VILLARAZA', 'ZYNA ANGELICA', 'VALENCIA', 'Female', '2015-08-24', 9, 'Bikol, Libon', '', 'Christianity', '', 'Zone V (Poblacion)', 'Libon', 'Albay', 'VILLARAZA, JOEMER SAYSON', 'VALENCIA,LIEZEL,ESTRADA,', '', '', '', 'Face to Face', '', 14, 10, 'enrolled'),
(1023, 21, '111762200040', 'ABILA', 'ARSH JUSHEL', 'SADIA', 'Male', '2014-09-17', 9, 'Bikol, Libon', '', 'Christianity', '', 'Marayag', 'Libon', 'Albay', 'ABILA, ARNOLD DECEPIDA', 'SADIA,SHIELA,MARINAY,', '', '', '', 'Face to Face', '', 13, 16, 'enrolled'),
(1024, 21, '111762190005', 'ABILA', 'ENGELTON JOHN', 'BUCAD', 'Male', '2014-05-13', 9, 'Bikol, Libon', '', 'Christianity', '', 'Zone II (Poblacion)', 'Libon', 'Albay', 'ABILA, ELTON JOHN LLABRES', 'BUCAD,RHIZZA,BORROMEO,', '', '', '', 'Face to Face', '', 13, 16, 'enrolled'),
(1025, 21, '111762200049', 'AGUILAR', 'NOAH', 'SEGUBIENSE', 'Male', '2015-03-08', 8, 'Bikol, Libon', '', 'Christianity', '', 'Zone VII (Poblacion)', 'Libon', 'Albay', 'AGUILAR, NOEL CABILES', 'SEGUBIENSE,CHERRYLL,SEDA,', '', '', '', 'Face to Face', '', 13, 16, 'enrolled'),
(1026, 21, '111762200111', 'BOLATON', 'DAN DAVE', 'TUGAY', 'Male', '2015-01-31', 8, 'Bikol, Libon', '', 'Christianity', '', 'Zone II (Poblacion)', 'Libon', 'Albay', 'BOLATON, DANILO BONGAR', 'TUGAY,MINERVA,VALENZUELA,', '', '', '', 'Face to Face', '', 13, 16, 'enrolled'),
(1027, 21, '111762200045', 'GUISIHAN', 'PRINCE JHULES', 'SARIOLA', 'Male', '2015-07-08', 8, 'Bikol, Libon', '', 'Christianity', '', 'Zone VII (Poblacion)', 'Libon', 'Albay', 'GUISIHAN, LARRY CARIAS', 'SARIOLA,ANALIZA,SEDA,', '', '', '', 'Face to Face', '', 13, 16, 'enrolled'),
(1028, 21, '111762170126', 'MARCOS', 'MARK JHION', 'OSIMAN', 'Male', '2011-08-16', 12, 'Bikol, Libon', '', 'Christianity', '', 'Zone III (Poblacion)', 'Libon', 'Albay', 'MARCOS, MARCEL GABION', 'OSIMAN,MARIFE,LUNO LUNO,', '', '', '', 'Face to Face', '', 13, 16, 'enrolled'),
(1029, 21, '111762200079', 'MIJARES', 'JOEMAR', 'BENAVIDEZ', 'Male', '2015-06-23', 8, 'Bikol, Libon', '', 'Christianity', '', 'Zone I (Poblacion)', 'Libon', 'Albay', 'MIJARES, MARIO BAHIAN', 'BENAVIDEZ,JOCELYN,LAREZA,', '', '', '', 'Face to Face', '', 13, 16, 'enrolled'),
(1030, 21, '111762200055', 'RETADA', 'CJAY', 'CAMONIAS', 'Male', '2015-06-17', 8, 'Bikol, Libon', '', 'Christianity', '', 'Zone II (Poblacion)', 'Libon', 'Albay', 'RETADA, CELEDONIO FERNANDEZ', 'CAMONIAS,JINKY,NARCISO,', '', '', '', 'Face to Face', '', 13, 16, 'enrolled'),
(1031, 21, '111762190013', 'ROARING', 'JOHN EZEQUIEL', 'NOEL', 'Male', '2013-12-22', 9, 'Bikol, Libon', '', 'Christianity', '', 'Zone III (Poblacion)', 'Libon', 'Albay', '', 'ROARING,MA LOURDES,NOEL,', '', '', '', 'Face to Face', '', 13, 16, 'enrolled'),
(1032, 21, '111762200076', 'SAYAT', 'JOVEN JOSH', 'SANTILLAN', 'Male', '2015-03-30', 8, 'Bikol, Libon', '', 'Christianity', '', 'San Isidro', 'Libon', 'Albay', 'SAYAT, JOVEN BAUTISTA', 'SANTILLAN,JOSEFINA,NARIO,', '', '', '', 'Face to Face', '', 13, 16, 'enrolled'),
(1033, 21, '111762190132', 'SEDA', 'LEIANDRO', 'ROPAN', 'Male', '2013-10-29', 10, 'Bikol, Libon', '', 'Christianity', '', 'Zone VII (Poblacion)', 'Libon', 'Albay', 'SEDA, ALEJANDRO SAYSON', 'ROPAN,SHEENA,RUBIS,', '', '', '', 'Face to Face', '', 13, 16, 'enrolled'),
(1034, 21, '111762200057', 'SEVA', 'JARREN JADE', 'OBAL', 'Male', '2014-10-20', 9, 'Bikol, Libon', '', 'Christianity', '', 'Zone V (Poblacion)', 'Libon', 'Albay', '', 'SEVA,WINNIE,OBAL,', '', '', '', 'Face to Face', '', 13, 16, 'enrolled'),
(1035, 21, '111762200034', 'SEVA', 'JHON FRANKLIN', 'PERILLO', 'Male', '2014-08-24', 9, 'Bikol, Libon', '', 'Christianity', '', 'Zone V (Poblacion)', 'Libon', 'Albay', 'SEVA, WILBERT OBAL', 'PERILLO,MARIA TESSA,VASQUEZ,', '', '', '', 'Face to Face', '', 13, 16, 'enrolled'),
(1036, 21, '111762200012', 'BASILLA', 'ALLIAH', 'RETANAN', 'Female', '2014-11-08', 8, 'Tagalog', '', 'Christianity', '', 'Zone I (Poblacion)', 'Libon', 'Albay', 'BASILLA, LEO ROSAL', 'RETANAN,AIZA,NUYDA,', '', '', '', 'Face to Face', '', 13, 16, 'enrolled'),
(1037, 21, '111762200089', 'BOLANTE', 'DAISY', 'LOSERIAGA', 'Female', '2013-12-17', 9, 'Bikol, Libon', '', 'Christianity', '', 'Zone IV (Poblacion)', 'Libon', 'Albay', 'BOLANTE, FREDDIE OLASO', 'LOSERIAGA,MARIA,LITA,', '', '', '', 'Face to Face', '', 13, 16, 'enrolled'),
(1038, 21, '111762200065', 'CONCEPCION', 'ALTHEA', 'OCAMPO', 'Female', '2014-09-26', 9, 'Bikol, Libon', '', 'Christianity', '', 'Zone I (Poblacion)', 'Libon', 'Albay', 'CONCEPCION, ARNEL MANGAMPO', 'OCAMPO,ELVIE,REGALARIO,', '', '', '', 'Face to Face', '', 13, 16, 'enrolled'),
(1039, 21, '111762200119', 'DYCOCO', 'GENEVA RICH', 'OLICIA', 'Female', '2014-10-15', 9, 'Bikol, Libon', '', 'Christianity', '', 'Zone I (Poblacion)', 'Libon', 'Albay', 'DYCOCO, JOE RICARDO RAMOS', 'OLICIA,LUZVEMINDA,DELITINA,', '', '', '', 'Face to Face', '', 13, 16, 'enrolled'),
(1040, 21, '111762190145', 'LOPERA', 'ELLA MAE', 'BORLAGDAN', 'Female', '2013-09-23', 10, 'Bikol, Libon', '', 'Christianity', '', 'San Isidro', 'Libon', 'Albay', 'LOPERA, JONEL PACARDO', 'BORLAGDAN,CRESTY,LUMERIO,', '', '', '', 'Face to Face', '', 13, 16, 'enrolled'),
(1041, 21, '111762200117', 'ORDANZA', 'TIFFANY VIEN', 'SEVILLA', 'Female', '2014-11-17', 8, 'Bikol, Libon', '', 'Christianity', '', 'Zone II (Poblacion)', 'Libon', 'Albay', 'ORDANZA, MICHAEL MIRAVEL', 'SEVILLA,VELUZ,VILLAGOMEZ,', '', '', '', 'Face to Face', '', 13, 16, 'enrolled'),
(1042, 21, '111762200141', 'PRELLEGERA', 'JAEZSHA', 'LOSMAGOS', 'Female', '2014-11-12', 8, 'Bikol, Libon', '', 'Christianity', '', 'Zone V (Poblacion)', 'Libon', 'Albay', 'PRELLEGERA, RODRIGO JR BUCO', 'LOSMAGOS,JENNEFER,AJETO,', '', '', '', 'Face to Face', '', 13, 16, 'enrolled'),
(1043, 21, '102170200086', 'RAMOS', 'EURICA ZILE', 'MORILLA', 'Female', '2015-08-09', 8, 'Pangasinan', '', 'Christianity', '', 'Zone I (Poblacion)', 'Libon', 'Albay', 'RAMOS, JOFEL GARCIA', 'MORILLA,MARIAH ELIZABETH,LLEGO,', '', '', '', 'Face to Face', '', 13, 16, 'enrolled'),
(1044, 21, '111762200072', 'RIVERA', 'LYCA', 'BALANDRA', 'Female', '2015-02-22', 8, 'Bikol, Libon', '', 'Christianity', '', 'Zone IV (Poblacion)', 'Libon', 'Albay', 'RIVERA, JOSELITO BON SR', 'BALANDRA,ASUNCION,CEDO,', '', '', '', 'Face to Face', '', 13, 16, 'enrolled'),
(1045, 21, '111762190093', 'RONQUILLO', 'ALTHEA', 'SEDA', 'Female', '2013-11-19', 9, 'Bikol, Libon', '', 'Christianity', '', 'Zone VII (Poblacion)', 'Libon', 'Albay', 'RONQUILLO, LUDOVICO DECLARO JR', 'SEDA,ELENA,CORPORAL,', '', '', '', 'Face to Face', '', 13, 16, 'enrolled'),
(1046, 21, '111762200030', 'SANCHEZ', 'SOPHIA JANE', 'OSILA', 'Female', '2014-11-24', 8, 'Tagalog', '', 'Christianity', '', 'Zone I (Poblacion)', 'Libon', 'Albay', 'SANCHEZ, CESAR PATINGO', 'OSILA,ELEANOR,REPUBLICA,', '', '', '', 'Face to Face', '', 13, 16, 'enrolled'),
(1047, 21, '112011200143', 'SARIBONG', 'SCYLAH JULIANIE', 'SACUEZA', 'Female', '2015-07-10', 8, 'Bikol', '', 'Christianity', '', 'Zone II (Poblacion)', 'Libon', 'Albay', 'SARIBONG, GIOVANNI MACINAS', 'SACUEZA,CRISTYL,OSEA,', '', '', '', 'Face to Face', '', 13, 16, 'enrolled'),
(1048, 21, '111762200127', 'VASQUEZ', 'ANNICA EUNICE', 'GARILAO', 'Female', '2015-04-04', 8, 'Bikol, Libon', '', 'Christianity', '', 'Zone I (Poblacion)', 'Libon', 'Albay', 'VASQUEZ, EDWIN MIDAY', 'GARILAO,ARLENE,SAYSON,', '', '', '', 'Face to Face', '', 13, 16, 'enrolled'),
(1049, 21, '111762200136', 'VILLARAZA', 'ZYNA ANGELICA', 'VALENCIA', 'Female', '2015-08-24', 8, 'Bikol, Libon', '', 'Christianity', '', 'Zone V (Poblacion)', 'Libon', 'Albay', 'VILLARAZA, JOEMER SAYSON', 'VALENCIA,LIEZEL,ESTRADA,', '', '', '', 'Face to Face', '', 13, 16, 'enrolled'),
(1050, 21, '111762210151', 'ARMILLO', 'ISAIAH MUNEER', '', 'Male', '2016-07-26', 8, 'Bikol, Libon', '', 'Christianity', '', 'Zone IV (Poblacion)', 'Libon', 'Albay', 'CALINGACION, MUNEER LONGASA', 'ARMILLO,ANIKKA KRISTEL,BALMACEDA,', '', '', '', 'Face to Face', '', 14, 34, 'enrolled'),
(1051, 21, '111762210103', 'BORIGAS', 'JOHN JHORREN', 'VELOSO', 'Male', '2016-10-17', 8, 'Tagalog', '', 'Christianity', '', 'Zone V (Poblacion)', 'Libon', 'Albay', 'BORIGAS, WARREN DELOS SANTOS', 'VELOSO,MA JOCELYN,LUZ,', '', '', '', 'Face to Face', '', 14, 34, 'enrolled'),
(1052, 21, '432524210004', 'CHAVEZ', 'JAMES ISAAC', 'VELARDE', 'Male', '2015-08-18', 9, 'Tagalog', '', 'Christianity', '', 'Zone II (Poblacion)', 'Libon', 'Albay', 'CHAVEZ, MARK PHILIP VASQUEZ', 'VELARDE,LOVELY,SEDA,', '', '', '', 'Face to Face', 'T/I DATE:2024-07-29', 14, 34, 'enrolled'),
(1053, 21, '111762210146', 'CUADERNO', 'MARC YOHAN', 'RAZONABLE', 'Male', '2016-04-16', 8, 'Tagalog', '', 'Christianity', '', 'Zone V (Poblacion)', 'Libon', 'Albay', 'CUADERNO, ANTONIO MANSANIDO', 'RAZONABLE,MARICAR,DELFINO,', '', '', '', 'Face to Face', '', 14, 34, 'enrolled'),
(1054, 21, '111762210004', 'CUEVAS', 'MC LARRY', 'BRAGA', 'Male', '2016-07-22', 8, 'Bikol, Libon', '', 'Christianity', '', 'Bulusan', 'Libon', 'Albay', 'CUEVAS, LARRY BUDIIT', 'BRAGA,MERLYN,MORADA,', '', '', '', 'Face to Face', '', 14, 34, 'enrolled'),
(1055, 21, '111762210082', 'MANUEL', 'JAMES JOSEPH', 'MUNDA', 'Male', '2014-11-18', 9, 'Tagalog', '', 'Christianity', '', 'Zone IV (Poblacion)', 'Libon', 'Albay', 'MANUEL, JOSEPH GARCIA', 'MUNDA,MORENA,SEGUBIENSE,', '', '', '', 'Face to Face', '', 14, 34, 'enrolled'),
(1056, 21, '111762210039', 'MARZAN', 'KENNETH JOSH', 'VILLAFRANCA', 'Male', '2015-12-08', 8, 'Bikol, Libon', '', 'Christianity', '', 'Zone V (Poblacion)', 'Libon', 'Albay', 'MARZAN, RONALD REALINGO', 'VILLAFRANCA,JOVIE,CANONCE,', '', '', '', 'Face to Face', '', 14, 34, 'enrolled'),
(1057, 21, '111987210055', 'MIRALPIS', 'PRINCE LAURENCE', 'SALIMBAO', 'Male', '2016-02-13', 8, 'Bikol, West Albay', '', 'Christianity', '', 'Amoguis', 'Polangui', 'Albay', 'MIRALPIS, JOHN MICHAEL GOLGOTA', 'SALIMBAO,JENNY JOY,ROSAL,', '', '', '', 'Face to Face', 'T/I DATE:2024-07-29', 14, 34, 'enrolled'),
(1058, 21, '111762210007', 'MOSATALLA', 'JOHN FRANCIS', 'GARAY', 'Male', '2016-05-13', 8, 'Bikol, Libon', '', 'Christianity', '', 'Zone VII (Poblacion)', 'Libon', 'Albay', 'MOSATALLA, ROY NOTARIO', 'GARAY,MARY JANE,PILI,', '', '', '', 'Face to Face', '', 14, 34, 'enrolled'),
(1059, 21, '111762210125', 'ORDANZA', 'JOHN CEDRIC', 'SADIA', 'Male', '2016-07-07', 8, 'Bikol, Libon', '', 'Christianity', '', 'Linao', 'Libon', 'Albay', 'ORDANZA, JOY MIRABETE', 'SADIA,MERLIZA,MARINAY,', '', '', '', 'Face to Face', 'T/I DATE:2024-07-29', 14, 34, 'enrolled'),
(1060, 21, '111762210011', 'REBLANDO', 'PRINCE CEDRICK', 'BALANON', 'Male', '2016-05-17', 8, 'Bikol, Libon', '', 'Christianity', '', 'Zone IV (Poblacion)', 'Libon', 'Albay', 'REBLANDO, JEAR MIDAY', 'BALANON,ANAMY,MENIOLAS,', '', '', '', 'Face to Face', '', 14, 34, 'enrolled'),
(1061, 21, '111762210155', 'SAMANIEGO', 'ARNEL', 'VASQUEZ', 'Male', '2015-09-08', 9, 'Bikol, Libon', '', 'Christianity', '', 'Marayag', 'Libon', 'Albay', 'SAMANIEGO, ROGER BONINA', 'VASQUEZ,MARY JOIE,JOSE,', '', '', '', 'Face to Face', '', 14, 34, 'enrolled'),
(1062, 21, '111762210128', 'SAMSON', 'RENATO JR', 'PESITO', 'Male', '2016-07-17', 8, 'Bikol, Libon', '', 'Christianity', '', 'Zone IV (Poblacion)', 'Libon', 'Albay', 'SAMSON, RENATO ZURBANO SR', 'PESITO,HELEN,ATIVO,', '', '', '', 'Face to Face', '', 14, 34, 'enrolled'),
(1063, 21, '111762210133', 'SIDLACAN', 'ISAAC  ASHER', 'ABITAN', 'Male', '2016-06-06', 8, 'Bikol, Libon', '', 'Christianity', '', 'Zone IV (Poblacion)', 'Libon', 'Albay', 'SIDLACAN, MASIKAP SE', 'ABITAN,BABYLYN,SALVAMANTE,', '', '', '', 'Face to Face', '', 14, 34, 'enrolled'),
(1064, 21, '111762210016', 'ULAT', 'JHAYEM', 'CERDEÑA', 'Male', '2015-05-09', 9, 'Bikol, Libon', '', 'Christianity', '', 'Zone VII (Poblacion)', 'Libon', 'Albay', 'ULAT, JEFFREY VELA', 'CERDEÑA,MARICRIS,SATUITO,', '', '', '', 'Face to Face', '', 14, 34, 'enrolled'),
(1065, 21, '111776210021', 'AJERO', 'FRANCHESKA', 'CEDO', 'Female', '2015-11-18', 8, 'Bikol, Libon', '', 'Christianity', '', 'Zone III (Poblacion)', 'Libon', 'Albay', 'AJERO, FRANCIS REGORIS', 'CEDO,JANET,BALDOZA,', '', '', '', 'Face to Face', 'T/I DATE:2024-07-29', 14, 34, 'enrolled'),
(1066, 21, '111762210058', 'BAS', 'JAYMELYN', 'BARELA', 'Female', '2016-03-08', 8, 'Bikol, Libon', '', 'Christianity', '', 'Zone V (Poblacion)', 'Libon', 'Albay', 'BAS, GERARDO MANGAMPO', 'BARELA,SHIELA,NIEVA,', '', '', '', 'Face to Face', '', 14, 34, 'enrolled'),
(1067, 21, '111762210061', 'CLERIGO', 'CHRISTINE', 'BOLANTE', 'Female', '2015-07-07', 9, 'Bikol, Libon', '', 'Christianity', '', 'Zone IV (Poblacion)', 'Libon', 'Albay', 'CLERIGO, MARK ANTHONY PAJENAGO', 'BOLANTE,CRYSTAL,NANO,', '', '', '', 'Face to Face', '', 14, 34, 'enrolled'),
(1068, 21, '111762210024', 'CORALDE', 'SARAH JOY', 'GARAY', 'Female', '2016-01-02', 8, 'Bikol, Libon', '', 'Christianity', '', 'Zone VII (Poblacion)', 'Libon', 'Albay', 'CORALDE, CHARION SE', 'GARAY,SARAH JANE,,', '', '', '', 'Face to Face', '', 14, 34, 'enrolled'),
(1069, 21, '164010200051', 'ILAO', 'JIANA', 'GARCIA', 'Female', '2014-09-17', 10, 'Tagalog', '', 'Christianity', '', 'Armenia', 'Uson', 'Masbate', 'ILAO, WARREN MAGNAYE', 'GARCIA,JOAN,BANTAD,', '', '', '', 'Face to Face', 'T/I DATE:2024-07-29T/O DATE:2024/10/01', 14, 34, 'enrolled'),
(1070, 21, '111762190162', 'MAGOLLADO', 'BEA', 'CERDEÑA', 'Female', '2014-07-27', 10, 'Bikol, Libon', '', 'Christianity', '', 'San Pascual', 'Libon', 'Albay', 'MAGOLLADO, JONNEL ONDEVILLA', 'CERDEÑA,CAREN,RAMBOYONG,', '', '', '', 'Face to Face', '', 14, 34, 'enrolled'),
(1071, 21, '111762210072', 'MAGTULIS', 'EDLYN', 'PUTIAN', 'Female', '2016-01-27', 8, 'Bikol, Libon', '', 'Christianity', '', 'Zone VI (Poblacion)', 'Libon', 'Albay', 'MAGTULIS, ERASTO SAYCHING', 'PUTIAN,SHERILYN,SEDA,', '', '', '', 'Face to Face', '', 14, 34, 'enrolled'),
(1072, 21, '111762210148', 'RABEJE', 'JILLIAN', 'REBUA', 'Female', '2016-09-23', 8, 'Bikol, Libon', '', 'Christianity', '', 'Zone VII (Poblacion)', 'Libon', 'Albay', 'RABEJE, ANTONIO JR BROQUEZA', 'REBUA,JENNYLYN,NIEVA,', '', '', '', 'Face to Face', '', 14, 34, 'enrolled'),
(1073, 21, '111762210076', 'REALINGO', 'ANGEL MONIQUE', 'LLEVA', 'Female', '2016-02-12', 8, 'Bikol, Libon', '', 'Christianity', '', 'Zone II (Poblacion)', 'Libon', 'Albay', 'REALINGO, SANTOS ORILLA JR', 'LLEVA,ELMA,PANTAN,', '', '', '', 'Face to Face', '', 14, 34, 'enrolled'),
(1074, 21, '114507200045', 'SEVA', 'PRINCESS CHLAIRE', 'SARMIENTO', 'Female', '2015-04-22', 9, 'Bikol', '', 'Christianity', '', 'Turague', 'SagÑay', 'Camarines Sur', 'SEVA, CHARLIE BOQUIO', 'SARMIENTO,CHARLENE,SAN AGUSTIN,', '', '', '', 'Face to Face', 'Pending TI', 14, 34, 'enrolled'),
(1075, 21, '111762210153', 'TABUNARES', 'ALJANE EUNICE', 'MUNGCAL', 'Female', '2016-09-25', 8, 'Bikol, Libon', '', 'Christianity', '', 'Zone II (Poblacion)', 'Libon', 'Albay', 'TABUNARES, ALJON MIRABITE', 'MUNGCAL,JUDY ANN,DE GUZMAN,', '', '', '', 'Face to Face', '', 14, 34, 'enrolled'),
(1076, 21, '111776210026', 'VASQUEZ', 'KHAESHA', 'LLAGAS', 'Female', '2016-04-13', 8, 'Tagalog', '', 'Christianity', '', 'San Isidro', 'Libon', 'Albay', 'VASQUEZ, JOE MEL DELOS SANTOS', 'LLAGAS,AILYN,MASUJER,', '', '', '', 'Face to Face', '', 14, 34, 'enrolled'),
(1109, 20, '111762180001', 'AMORIN', 'JAMES MARVIN', 'ALCANTARA', 'Male', '2013-04-25', 11, 'Bikol, Libon', '', 'Christianity', '', 'Zone IV (Poblacion)', 'Libon', 'Albay', 'AMORIN, NERY PAMILACAN', 'ALCANTARA,FLORENIA,MADRID,', '', '', '', 'Face to Face', '', 14, 37, 'enrolled'),
(1110, 20, '111762180004', 'BALMACEDA', 'NIGEL', 'SEGUI', 'Male', '2012-08-01', 12, 'Bikol, Libon', '', 'Christianity', '', 'Zone IV (Poblacion)', 'Libon', 'Albay', '', 'BALMACEDA,LAARNI,SEGUI,', '', '', '', 'Face to Face', '', 14, 37, 'enrolled'),
(1111, 20, '111762180108', 'CAPISTRANO', 'ALDRIN', 'MEJORADA', 'Male', '2013-02-01', 11, 'Bikol, Libon', '', 'Christianity', '', 'Zone VI (Poblacion)', 'Libon', 'Albay', 'CAPISTRANO, JONATHAN BRAGA', 'MEJORADA,ALMA,REMPIS,', '', '', '', 'Face to Face', '', 14, 37, 'enrolled'),
(1112, 20, '111762170107', 'CEDO', 'MARK JHAMIER', 'OQUIALDA', 'Male', '2012-01-12', 12, 'Bikol, Libon', '', 'Christianity', '', 'Zone IV (Poblacion)', 'Libon', 'Albay', 'CEDO, MARCIAL GAIRA III', 'OQUIALDA,MERIAM,CAPINIA,', '', '', '', 'Face to Face', '', 14, 37, 'enrolled'),
(1113, 20, '111762180155', 'CREDO', 'SEAN BERNARD', 'ORTIOLA', 'Male', '2013-03-20', 11, 'Bikol, Libon', '', 'Christianity', '', 'Kinale', 'Polangui', 'Albay', 'CREDO, MANOLITO MALIGMAT', 'ORTIOLA,YOLANDA,CRISOL,', '', '', '', 'Face to Face', '', 14, 37, 'enrolled'),
(1114, 20, '111762180015', 'CUADERNO', 'MARK KENNETH', 'RAZONABLE', 'Male', '2012-12-12', 11, 'Bikol, Libon', '', 'Christianity', '', 'Zone V (Poblacion)', 'Libon', 'Albay', 'CUADERNO, ANTONIO MANSANIDO', 'RAZONABLE,MARICAR,DELFINO,', '', '', '', 'Face to Face', '', 14, 37, 'enrolled'),
(1115, 20, '172519180003', 'DANCALAN', 'TRISTAN LEIGH', 'CESTINA', 'Male', '2012-09-08', 12, 'Bikol, Libon', '', 'Christianity', '', 'NiÃ‘o Jesus (santo NiÃ‘o Jesus)', 'Libon', 'Albay', 'DANCALAN, CRIS ROSAL', 'CESTINA,GRETCHEN,LLARENAS,', '', '', '', 'Face to Face', '', 14, 37, 'enrolled'),
(1116, 20, '111762180136', 'GARAY', 'JAMES LEO', 'RODRIGUEZ', 'Male', '2012-07-25', 12, 'Bikol, Libon', '', 'Christianity', '', 'Zone III (Poblacion)', 'Libon', 'Albay', 'GARAY, LEO NISOLA', 'RODRIGUEZ,ROWENA,COMBATE,', '', '', '', 'Face to Face', '', 14, 37, 'enrolled'),
(1117, 20, '111762130165', 'GARAY', 'YOUZEFFT LEO', '- RODRIGUEZ', 'Male', '2007-02-19', 17, 'Bikol, Libon', '', 'Christianity', '', 'Zone II (Poblacion)', 'Libon', 'Albay', 'GARAY, LEO NISOLA', 'RODRIGUEZ,ROWENA,COMBATE,', '', '', '', 'Modular (print)', '', 14, 37, 'enrolled'),
(1118, 20, '111762180022', 'MORETE', 'JHODEL', 'ROARING', 'Male', '2013-01-03', 11, 'Bikol, Libon', '', 'Christianity', '', 'Zone IV (Poblacion)', 'Libon', 'Albay', 'MORETE, WILLIAM BUCAD', 'ROARING,MARICEL,RIPARIP,', '', '', '', 'Face to Face', '', 14, 37, 'enrolled'),
(1119, 20, '111762180024', 'RAGOS', 'JAMES', 'TRINO', 'Male', '2012-01-12', 12, 'Bikol, Libon', '', 'Christianity', '', 'Zone VII (Poblacion)', 'Libon', 'Albay', 'RAGOS, ROGELIO BOSLON JR', 'TRIÑO,JULIE,REYES,', '', '', '', 'Face to Face', '', 14, 37, 'enrolled'),
(1120, 20, '111762180041', 'RETUBIO', 'NHATAN WILFRANCE', 'BRAGA', 'Male', '2012-08-30', 12, 'Bikol, Libon', '', 'Christianity', '', 'Zone VII (Poblacion)', 'Libon', 'Albay', 'RETUBIO, JOEL CONCEPCION', 'BRAGA,LEAMOR,LAODENIO,', '', '', '', 'Face to Face', '', 14, 37, 'enrolled'),
(1121, 20, '403581180029', 'SAMUELA', 'JOHN ISHAN', 'GALANG', 'Male', '2013-01-13', 11, 'Bikol, Libon', '', 'Christianity', '', 'Zone IV (Poblacion)', 'Libon', 'Albay', '', 'GALANG,KISHA,,', '', '', '', 'Face to Face', '', 14, 37, 'enrolled'),
(1122, 20, '111762180053', 'SANDRINO', 'NORLITO', 'JR SEPATO', 'Male', '2012-07-27', 12, 'Bikol, Libon', '', 'Christianity', '', 'Bariw', 'Libon', 'Albay', 'SANDRINO, NORLITO ORTEGA SR', 'SEPATO,IRMA,MARIÑO,', '', '', '', 'Face to Face', '', 14, 37, 'enrolled'),
(1123, 20, '111762180057', 'SEDA', 'JAYRUZH', 'ALMANZOR', 'Male', '2011-11-09', 12, 'Bikol, Libon', '', 'Christianity', '', 'Zone VI (Poblacion)', 'Libon', 'Albay', 'SEDA, JUDY BONGON', 'ALMANZOR,LIEZL,PELLE,', '', '', '', 'Face to Face', '', 14, 37, 'enrolled'),
(1124, 20, '111762180131', 'SEDA', 'PAUL JAKE', 'SON', 'Male', '2012-12-26', 11, 'Bikol, Libon', '', 'Christianity', '', 'Zone VII (Poblacion)', 'Libon', 'Albay', 'SEDA, LUIS CORPORAL', 'SON,MA APPLE,BERINA,', '', '', '', 'Face to Face', '', 14, 37, 'enrolled'),
(1125, 20, '111762170163', 'SEGUBIENCE', 'MATT XAVIER', 'ESPEDILLON', 'Male', '2011-08-30', 13, 'Bikol, Libon', '', 'Christianity', '', 'Zone V (Poblacion)', 'Libon', 'Albay', '', 'SEGUBIENCE,MARY JOY,ESPEDILLON,', '', '', '', 'Face to Face', '', 14, 37, 'enrolled'),
(1126, 20, '111762180152', 'SIANOYA', 'KEVIN KLIEN', 'MORADILLO', 'Male', '2012-07-13', 12, 'Bikol, Libon', '', 'Christianity', '', 'Zone VI (Poblacion)', 'Libon', 'Albay', 'SIANOYA, EDDIE CORPORAL', 'MORADILLO,MERRYLYN,LOCEDAL,', '', '', '', 'Face to Face', '', 14, 37, 'enrolled'),
(1127, 20, '111762180060', 'SIENES', 'RAINNIEL', 'MONTA', 'Male', '2012-12-23', 11, 'Bikol, Libon', '', 'Christianity', '', 'Zone IV (Poblacion)', 'Libon', 'Albay', 'SIENES, ROCKY RINGO ALTAJARA', 'MONTA,KASELYN,QUITONIANO,', '', '', '', 'Face to Face', '', 14, 37, 'enrolled'),
(1128, 20, '112004180021', 'TABAGAN', 'DENNIS', 'JR REMOLACIO', 'Male', '2013-01-02', 11, 'Bikol', '', 'Christianity', '', 'Kinale', 'Polangui', 'Albay', 'TABAGAN, DENNIS VILLAFRANCIA', 'REMOLACIO,ZENA MAE,BALLOZOS,', '', '', '', 'Face to Face', '', 14, 37, 'enrolled'),
(1129, 20, '111762180042', 'ABILA', 'MARIELA NICOLE', 'FLANDEZ', 'Female', '2013-04-20', 11, 'Bikol, Libon', '', 'Christianity', '', 'Zone II (Poblacion)', 'Libon', 'Albay', 'ABILA, LEO LLABRES', 'FLANDEZ,MARIA TERESA,DIZER,', '', '', '', 'Face to Face', '', 14, 37, 'enrolled'),
(1130, 20, '111762180074', 'ABILA', 'PRINCESS ANGEL', 'BUCAD', 'Female', '2012-12-05', 11, 'Bikol, Libon', '', 'Christianity', '', 'Zone II (Poblacion)', 'Libon', 'Albay', 'ABILA, ELTON JOHN LLABRES', 'BUCAD,RHIZZA,BORROMEO,', '', '', '', 'Face to Face', '', 14, 37, 'enrolled'),
(1131, 20, '432524180048', 'BALDOZA', 'SHANELLA GRACE', 'MABINI', 'Female', '2013-08-10', 11, 'Filipino', '', 'Christianity', '', 'Zone IV (Poblacion)', 'Libon', 'Albay', 'BALDOZA, ROMUALDO SATPARAM', 'MABINI,ANA GRACE,REOLO,', '', '', '', 'Blended', '', 14, 37, 'enrolled'),
(1132, 20, '111762180091', 'CESTINA', 'ZYRA', 'AZURES', 'Female', '2012-07-25', 12, 'Bikol, Libon', '', 'Christianity', '', 'Zone IV (Poblacion)', 'Libon', 'Albay', 'CESTINA, VICENTE LLARENAS', 'AZURES,SALVACION,DOLLISEN,', '', '', '', 'Face to Face', 'T/I DATE:2024-07-29', 14, 37, 'enrolled'),
(1133, 20, '111762170068', 'DENORTE', 'MA CESA', 'VELOSO', 'Female', '2011-06-03', 13, 'Bikol, Libon', '', 'Christianity', '', 'Zone V (Poblacion)', 'Libon', 'Albay', 'DENORTE, CESAR GUILLERMO', 'VELOSO,MA JOCELYN,LUZ,', '', '', '', 'Face to Face', '', 14, 37, 'enrolled'),
(1134, 20, '111762180075', 'JURADA', 'CRISTINE MAE', 'ABILA', 'Female', '2013-08-15', 11, 'Bikol, Libon', '', 'Christianity', '', 'Zone VII (Poblacion)', 'Libon', 'Albay', 'JURADA, ROBERT MAGPANTAY', 'ABILA,MARIA CRISTINA,SEVA,', '', '', '', 'Face to Face', '', 14, 37, 'enrolled'),
(1135, 20, '111762180049', 'MAGTIBAY', 'MARY ROSE', 'REOLO', 'Female', '2012-09-17', 12, 'Bikol, Libon', '', 'Christianity', '', 'Zone III (Poblacion)', 'Libon', 'Albay', 'MAGTIBAY, RUBEN ALBIZ', 'REOLO,MARY JANE,AREJOLA,', '', '', '', 'Face to Face', '', 14, 37, 'enrolled'),
(1136, 20, '111762180059', 'RESPLANDOR', 'PRINCESS JECEL', 'PEÑA', 'Female', '2012-11-21', 11, 'Bikol, Libon', '', 'Christianity', '', 'Zone I (Poblacion)', 'Libon', 'Albay', 'RESPLANDOR, JEFFREN BADURIA', 'PEÑA,RECHEL,CAPIÑA,', '', '', '', 'Face to Face', '', 14, 37, 'enrolled'),
(1137, 20, '494073180038', 'SAPAULA', 'ARIANNE', 'PANTUA', 'Female', '2013-01-07', 11, 'Tagalog', '', 'Christianity', '', 'Cupang', 'City Of Antipolo', 'Rizal', 'SAPAULA, ADRIANO CASTRENCE', 'PANTUA,JOCELYN,ALCANTARA,', '', '', '', 'Face to Face', 'T/I DATE:2024-07-29', 14, 37, 'enrolled'),
(1138, 20, '403581170009', 'SARIO', 'ELAJAH SHEINEL', 'PERILLO', 'Female', '2011-12-04', 12, 'Bikol, Libon', '', 'Christianity', '', 'Zone II (Poblacion)', 'Libon', 'Albay', 'SARIO, NELVIN BRAGA', 'PERILLO,SHEILLA MARIE,,', '', '', '', 'Face to Face', '', 14, 37, 'enrolled'),
(1139, 20, '111762180092', 'SEVA', 'ANDREA PAULA', 'DALIGDIG', 'Female', '2013-03-23', 11, 'Bikol, Libon', '', 'Christianity', '', 'Zone I (Poblacion)', 'Libon', 'Albay', 'SEVA, MARX SEYMOUR SEGUI', 'DALIGDIG,SHERLY,MERCADO,', '', '', '', 'Face to Face', '', 14, 37, 'enrolled'),
(1140, 23, '403581190009', 'BALMACEDA', 'JOHN JIRO', 'TALAGTAG', 'Male', '2014-04-13', 7, 'Bikol, Libon', '', 'Christianity', '', 'Zone IV (Poblacion)', 'Libon', 'Albay', '', 'TALAGTAG,MARICHU,SEGUI,', '', '', '', 'Face to Face', 'T/I DATE:2021-09-13', 29, 57, 'enrolled'),
(1141, 23, '111762190138', 'BULACAN', 'ZANE JARED', 'ALMASCO', 'Male', '2013-12-28', 7, 'Bikol, Libon', '', 'Christianity', '', 'Zone IV (Poblacion)', 'Libon', 'Albay', 'BULACAN, ARNULFO SE', 'ALMASCO,JOSEPHINE,DURAN,', '', '', '', 'Face to Face', '', 29, 57, 'enrolled'),
(1142, 23, '111762190131', 'CARLOS', 'MICHAEL PAUL', 'JR DE LAZA', 'Male', '2014-02-11', 7, 'Bikol, Libon', '', 'Christianity', '', 'Zone II (Poblacion)', 'Libon', 'Albay', 'CARLOS, MICHAEL PAUL SEGUBIENSE SR', 'DE LAZA,JENNIFER,MIRASOL,', '', '', '', 'Face to Face', 'T/I DATE:2022-02-15', 29, 57, 'enrolled'),
(1143, 23, '111762190137', 'DE LA TORRE', 'LUKE XAVIER', 'BARQUILLA', 'Male', '2013-10-14', 8, 'Bikol, Libon', '', 'Christianity', '', 'Zone IV (Poblacion)', 'Libon', 'Albay', 'DE LA TORRE, MICHAEL VIBAR', 'BARQUILLA,JAY AN,BAROSO,', '', '', '', 'Face to Face', '', 29, 57, 'enrolled'),
(1144, 23, '403581190014', 'IBIAS', 'CHRIS ALFRED', 'LANUZO', 'Male', '2013-10-27', 8, 'Bikol, Libon', '', 'Christianity', '', 'Zone II (Poblacion)', 'Libon', 'Albay', 'IBIAS, LAWRENCE BALDOZA', 'LANUZO,JACQUELINE,SERRANO,', '', '', '', 'Face to Face', 'T/I DATE:2021-09-13', 29, 57, 'enrolled'),
(1145, 23, '403581190011', 'LOMIBAO', 'MATEO ANDREW', 'TIMADO', 'Male', '2014-04-27', 7, 'Bikol, Libon', '', 'Christianity', '', 'San Isidro', 'Libon', 'Albay', '', 'TIMADO,CLEA,MORATALIA,', '', '', '', 'Face to Face', 'T/I DATE:2021-09-13', 29, 57, 'enrolled'),
(1146, 23, '432524190006', 'MANLAPAS', 'MATTEO', 'ELA', 'Male', '2014-07-02', 7, 'Bikol, Libon', '', 'Christianity', '', 'Zone III (Poblacion)', 'Libon', 'Albay', 'MANLAPAS, DOMINIC BALINO', 'ELA,ROSE LYNNE,REALINGO,', '', '', '', 'Face to Face', '', 29, 57, 'enrolled'),
(1147, 23, '111762190129', 'MELAÑEZ', 'THOMAS HONESTO', 'REYES', 'Male', '2014-04-23', 7, 'Bikol, Libon', '', 'Christianity', '', 'Zone II (Poblacion)', 'Libon', 'Albay', 'MELAÑEZ, ROLDAN OGMAR', 'REYES,GELLIE,EPANAG,', '', '', '', 'Face to Face', '', 29, 57, 'enrolled'),
(1148, 23, '111762190127', 'MOSCARDON', 'DRAKE ZEANMON', 'LUNA', 'Male', '2014-04-04', 7, 'Bikol, Libon', '', 'Christianity', '', 'Balayhangin', 'Calauan', 'Laguna', 'MOSCARDON, JOSE MONSOUR FRIAS', 'LUNA,ZEINELYN,NUEVA,', '', '', '', 'Face to Face', '', 29, 57, 'enrolled'),
(1149, 23, '432524190026', 'NIRO', 'HENTZEN FRANCIS JAMES', 'VILLAMER', 'Male', '2014-07-19', 7, 'Bikol, Libon', '', 'Christianity', '', 'Zone IV (Poblacion)', 'Libon', 'Albay', 'NIRO, NIRUS FRANCISCUS AMIEL MORAL', 'VILLAMER,LEA,AGUILAR,', '', '', '', 'Face to Face', '', 29, 57, 'enrolled'),
(1150, 23, '111762190136', 'PADUA', 'AL TRISTHAN', 'LACRO', 'Male', '2013-09-13', 8, 'Bikol, Libon', '', 'Christianity', '', 'Zone I (Poblacion)', 'Libon', 'Albay', '', 'PADUA,AIRA MAE,LACRO,', '', '', '', 'Face to Face', '', 29, 57, 'enrolled'),
(1151, 23, '111762190128', 'PERILLO', 'ALTHEO', 'VINAS', 'Male', '2014-02-22', 7, 'Bikol, Libon', '', 'Christianity', '', 'Zone II (Poblacion)', 'Libon', 'Albay', 'PERILLO, ARVIN REMPILLO', 'VINAS,SALVACION,BERCES,', '', '', '', 'Face to Face', '', 29, 57, 'enrolled'),
(1152, 23, '111762190133', 'PETALIO', 'TROY PAULO', 'SEGUBIENSE', 'Male', '2013-10-01', 8, 'Bikol, Libon', '', 'Christianity', '', 'Zone IV (Poblacion)', 'Libon', 'Albay', 'PETALIO, EDDIE LOZANO', 'SEGUBIENSE,IVY,LAYNES,', '', '', '', 'Face to Face', '', 29, 57, 'enrolled'),
(1153, 23, '111762190099', 'PICO', 'JEAN MATTHEW', 'OCFEMIA', 'Male', '2014-08-02', 7, 'Bikol, Libon', '', 'Christianity', '', 'Sugcad', 'Polangui', 'Albay', 'PICO, SIVERO BELLEN', 'OCFEMIA,JEANET,OLIVER,', '', '', '', 'Face to Face', '', 29, 57, 'enrolled'),
(1154, 23, '111762190168', 'PILLARDA', 'JOHN MARK', 'CARABLE', 'Male', '2011-08-22', 10, 'Bikol, Libon', '', 'Christianity', '', 'San Vicente', 'Libon', 'Albay', 'PILLARDA, SANTIAGO MANLANGIT', 'CARABLE,ROWENA,DE LA TORRE,', '', '', '', 'Face to Face', '', 29, 57, 'enrolled'),
(1155, 23, '111762190040', 'RIPARIP', 'JAYSON', 'PRIMA', 'Male', '2013-06-02', 8, 'Bikol, Libon', '', 'Christianity', '', 'Zone I (Poblacion)', 'Libon', 'Albay', 'RIPARIP, CRISOSTOMO MIRABITE', 'PRIMA,MARIA CECILIA,ROSAL,', '', '', '', 'Face to Face', '', 29, 57, 'enrolled'),
(1156, 23, '111762190135', 'SEDA', 'LIONEL IGUZ', 'SEVA', 'Male', '2013-11-02', 7, 'Bikol, Libon', '', 'Christianity', '', 'Zone II (Poblacion)', 'Libon', 'Albay', 'SEDA, LEONY SE', 'SEVA,MA ANNA,MARISCOTES,', '', '', '', 'Face to Face', '', 29, 57, 'enrolled'),
(1157, 23, '432524190031', 'SEVA', 'VINCE ANGELO', 'NAZ', 'Male', '2014-03-16', 7, 'Bikol, Libon', '', 'Christianity', '', 'Zone V (Poblacion)', 'Libon', 'Albay', 'SEVA, WILLIAM OBAL', 'NAZ,JENIFFER GRACE,SALLAN,', '', '', '', 'Face to Face', '', 29, 57, 'enrolled'),
(1158, 23, '111762190024', 'SIENES', 'JOHN LEMAR', 'BALMACEDA', 'Male', '2014-01-04', 7, 'Bikol, Libon', '', 'Christianity', '', 'Zone IV (Poblacion)', 'Libon', 'Albay', 'SIENES, JOEMAR REFUGIO', 'BALMACEDA,LESLIE,SEGUI,', '', '', '', 'Face to Face', '', 29, 57, 'enrolled'),
(1159, 23, '111762190140', 'SIGUENZA', 'HONESTO KIM', 'AGUILAR', 'Male', '2013-12-07', 7, 'Bikol, Libon', '', 'Christianity', '', 'Centro Oriental (Poblacion)', 'Polangui', 'Albay', 'SIGUENZA, KIM EFREN REFALDA', 'AGUILAR,LUZ,MARTOS,', '', '', '', 'Face to Face', '', 29, 57, 'enrolled'),
(1160, 23, '111667190335', 'VELASCO', 'JOAQUIN', '-', 'Male', '2013-12-14', 7, 'Bikol', '', 'Christianity', '', 'Zone I (Poblacion)', 'Libon', 'Albay', '', 'VELASCO,LOIDA,SIAT,', '', '', '', 'Face to Face', '', 29, 57, 'enrolled'),
(1161, 23, '111762190102', 'ABILA', 'TRIXIE ANN', 'SALCEDO', 'Female', '2014-05-21', 7, 'Tagalog', '', 'Christianity', '', 'Punta', 'City Of Calamba', 'Laguna', 'ABILA, GEROLD SEVILLA', 'SALCEDO,JOAN,BRISTOL,', '', '', '', 'Face to Face', '', 29, 57, 'enrolled'),
(1162, 23, '111762190027', 'ALCANTARA', 'MARIA JANETTE', 'MADRID', 'Female', '2014-04-21', 7, 'Bikol, Libon', '', 'Christianity', '', 'Zone IV (Poblacion)', 'Libon', 'Albay', '', 'ALCANTARA,FLORENIA,MADRID,', '', '', '', 'Face to Face', '', 29, 57, 'enrolled'),
(1163, 23, '111762190173', 'BALDOZA', 'MARTHA  LEI', 'COLAMBO', 'Female', '2013-11-04', 7, 'Bikol, Libon', '', 'Christianity', '', 'Zone IV (Poblacion)', 'Libon', 'Albay', 'BALDOZA, JERON BARTILET', 'BALDOZA,LEA,COLAMBO,', '', '', '', 'Face to Face', '', 29, 57, 'enrolled'),
(1164, 23, '111762190076', 'BON', 'MARIAN', 'BASCO', 'Female', '2014-02-21', 7, 'Bikol, Libon', '', 'Christianity', '', 'Zone I (Poblacion)', 'Libon', 'Albay', 'BON, ARMANDO ROARING', 'BASCO,LETECIA,SERRANO,', '', '', '', 'Face to Face', '', 29, 57, 'enrolled'),
(1165, 23, '111762190075', 'BON', 'MARIBEL', 'BARANDA', 'Female', '2014-01-28', 7, 'Bikol, Libon', '', 'Christianity', '', 'Balinad', 'Polangui', 'Albay', 'BON, MARIO BASCO', 'BARANDA,EVELYN,BASILAN,', '', '', '', 'Face to Face', '', 29, 57, 'enrolled'),
(1166, 23, '111762190110', 'CASIM', 'KC LYN', 'BACCAY', 'Female', '2013-11-04', 7, 'Bikol, Libon', '', 'Christianity', '', 'Zone VI (Poblacion)', 'Libon', 'Albay', 'CASIM, KASIM PENA', 'BACCAY,REVELYN,TUPIL,', '', '', '', 'Face to Face', '', 29, 57, 'enrolled'),
(1167, 23, '121865190067', 'CEDO', 'SOFIA MAE', 'BABULA', 'Female', '2014-06-26', 7, 'Waray', '', 'Christianity', '', 'San Isidro', 'Libon', 'Albay', 'CEDO, JONEL RONATAY', 'BABULA,JONALYN,LACABA,', '', '', '', 'Face to Face', 'T/I DATE:2021-09-13', 29, 57, 'enrolled'),
(1168, 23, '111762190109', 'ESMANE', 'PAMELA JOY MARIE', 'SARIN', 'Female', '2013-12-11', 7, 'Bikol, Libon', '', 'Christianity', '', 'Zone IV (Poblacion)', 'Libon', 'Albay', 'ESMANE, RODEL SERRANO', 'SARIN,MERLIE,BALILI,', '', '', '', 'Face to Face', '', 29, 57, 'enrolled'),
(1169, 23, '111762190105', 'GALON', 'JAZLYN ALONDRA', '-', 'Female', '2013-05-26', 8, 'Bikol, Libon', '', 'Christianity', '', 'Zone V (Poblacion)', 'Libon', 'Albay', '', 'GALON,ABEGAIL,BERSABAL,', '', '', '', 'Face to Face', '', 29, 57, 'enrolled'),
(1170, 23, '111762190172', 'GALVEZ', 'AMISSA BERNICE', 'SERRANO', 'Female', '2014-04-22', 7, 'Bikol, Libon', '', 'Christianity', '', 'Zone II (Poblacion)', 'Libon', 'Albay', 'GALVEZ, JAY MARK UMALI', 'SERRANO,MARYGLO,RAMOS,', '', '', '', 'Face to Face', '', 29, 57, 'enrolled'),
(1171, 23, '111762190107', 'GARCIA', 'PRECIOUS ANGEL', 'MENDIVEL', 'Female', '2013-10-26', 8, 'Bikol, Libon', '', 'Christianity', '', 'Zone I (Poblacion)', 'Libon', 'Albay', 'GARCIA, PEDRO AGUIRRE', 'MENDIVEL,JANET,CEDO,', '', '', '', 'Face to Face', '', 29, 57, 'enrolled'),
(1172, 23, '111762190115', 'GUILLERMO', 'CLARISSA', 'SALUMBIDES', 'Female', '2014-07-30', 7, 'Bikol, Libon', '', 'Christianity', '', 'Zone IV (Poblacion)', 'Libon', 'Albay', 'GUILLERMO, CHRISTIAN MALATE', 'SALUMBIDES,IRENE,TADURAN,', '', '', '', 'Face to Face', '', 29, 57, 'enrolled');
INSERT INTO `pupils` (`pupil_id`, `teacher_id`, `lrn`, `last_name`, `first_name`, `middle_name`, `sex`, `birthdate`, `age`, `mother_tongue`, `ip_ethnicity`, `religion`, `house_no_street`, `barangay`, `municipality`, `province`, `father_name`, `mother_name`, `guardian_name`, `relationship_to_guardian`, `contact_number`, `learning_modality`, `remarks`, `sy_id`, `section_id`, `status`) VALUES
(1173, 23, '111762190119', 'LIBRADO', 'ROCHELL JOY', 'SEGARRA', 'Female', '2014-03-04', 7, 'Bikol, Libon', '', 'Christianity', '', 'Zone I (Poblacion)', 'Libon', 'Albay', 'LIBRADO, REYNALD ALCOREZA', 'SEGARRA,RHEA,SEGUI,', '', '', '', 'Face to Face', '', 29, 57, 'enrolled'),
(1174, 23, '111762190103', 'MATOCIÑOS', 'NERIZA GRACE', 'MENDOZA', 'Female', '2014-02-16', 7, 'Bikol, Libon', '', 'Christianity', '', 'Zone VII (Poblacion)', 'Libon', 'Albay', 'MATOCINOS, HENER ORASA', 'MENDOZA,RIZA,ERILLA,', '', '', '', 'Face to Face', '', 29, 57, 'enrolled'),
(1175, 23, '432524190037', 'MIDAY', 'TRISHA MAE', 'ESTRADA', 'Female', '2014-04-21', 7, 'Bikol, Libon', '', 'Christianity', '', 'Zone V (Poblacion)', 'Libon', 'Albay', 'MIDAY, RANDY BALLESTER', 'ESTRADA,ANTONETTE,SORITA,', '', '', '', 'Face to Face', '', 29, 57, 'enrolled'),
(1176, 23, '111762190143', 'OBEDECE', 'GERALDINE FAITH', '-', 'Female', '2013-10-15', 8, 'Bikol, Libon', '', 'Christianity', '', 'Zone I (Poblacion)', 'Libon', 'Albay', '', 'OBEDECE,MARGIE,,', '', '', '', 'Face to Face', '', 29, 57, 'enrolled'),
(1177, 23, '111762190123', 'PACAMARA', 'MARY JOELLA', 'VELARDE', 'Female', '2014-06-22', 7, 'Bikol, Libon', '', 'Christianity', '', 'Zone I (Poblacion)', 'Libon', 'Albay', 'PACAMARA, JOEL ABILA', 'VELARDE,MARY GRACE,ALFON,', '', '', '', 'Face to Face', '', 29, 57, 'enrolled'),
(1178, 23, '111762190113', 'QUITE', 'NATASHA QUEEN', 'PERILLO', 'Female', '2013-09-22', 8, 'Bikol, Libon', '', 'Christianity', '', 'Zone II (Poblacion)', 'Libon', 'Albay', 'QUITE, PAULINO LABID', 'PERILLO,JULIE FAY,VASQUEZ,', '', '', '', 'Face to Face', '', 29, 57, 'enrolled'),
(1179, 23, '111762190112', 'QUITE', 'NATHALIE KIM', 'PERILLO', 'Female', '2013-09-22', 8, 'Bikol, Libon', '', 'Christianity', '', 'Zone II (Poblacion)', 'Libon', 'Albay', 'QUITE, PAULINO LABID', 'PERILLO,JULIE FAY,VASQUEZ,', '', '', '', 'Face to Face', '', 29, 57, 'enrolled'),
(1180, 23, '111762190111', 'SEDA', 'C-LYN AMUDI', 'SAYSON', 'Female', '2013-09-23', 8, 'Bikol, Libon', '', 'Christianity', '', 'Zone VII (Poblacion)', 'Libon', 'Albay', 'SEDA, FERNANDO CORPORAL', 'SAYSON,LIRMA,ROBLES,', '', '', '', 'Face to Face', '', 29, 57, 'enrolled'),
(1181, 23, '111762200143', 'ABILA', 'MARK RHAIZEN', 'BALANON', 'Male', '2015-08-09', 7, 'Bikol, Libon', '', 'Christianity', '', 'Catmon', 'City Of Malolos  (capital)', 'Bulacan', 'ABILA, JONATHAN SECRETO', 'BALANON,LUZVIMINDA,MENIOLAS,', '', '', '', 'Face to Face', 'T/I DATE:2022-10-24', 28, 59, 'enrolled'),
(1182, 23, '111762200081', 'ALTAJARA', 'RENI JOY', 'JR MONTEROYO', 'Male', '2015-07-17', 7, 'Bikol, Libon', '', 'Christianity', '', 'Zone IV (Poblacion)', 'Libon', 'Albay', 'ALTAJARA, RENI JOY REGONDOLA', 'MONTEROYO,JOAN,ESTOYE,', '', '', '', 'Face to Face', '', 28, 59, 'enrolled'),
(1183, 23, '111890200052', 'ARIZAPA', 'MARK CHRISTIAN', 'ABILA', 'Male', '2015-07-15', 7, 'Bikol', '', 'Christianity', '', 'Zone VII (Poblacion)', 'Libon', 'Albay', 'ARIZAPA, CHRISTOPHER MAPA', 'ABILA,ERMIE,MISSAL,', '', '', '', 'Face to Face', '', 28, 59, 'enrolled'),
(1184, 23, '111762200001', 'BAGASBAS', 'LANCE KOBE', 'DE LEON', 'Male', '2014-10-04', 8, 'Tagalog', '', 'Christianity', '', 'Zone VII (Poblacion)', 'Libon', 'Albay', 'BAGASBAS, EDWIN LLOSALA JR', 'DE LEON,VANESSA,AMPONGAN,', '', '', '', 'Face to Face', '', 28, 59, 'enrolled'),
(1185, 23, '111779200007', 'BAUTISTA', 'KEYLEV LUIS', 'CANTOR', 'Male', '2014-09-14', 8, 'Bikol, Libon', '', 'Christianity', '', 'San Vicente', 'Libon', 'Albay', 'BAUTISTA, LEBIRIO SATIMBRE', 'CANTOR,RECHELLE,VALENZUELA,', '', '', '', 'Face to Face', '', 28, 59, 'enrolled'),
(1186, 23, '111762200041', 'CASAS', 'MATT DAVE', 'BORROMEO', 'Male', '2014-09-18', 8, 'Bikol, Libon', '', 'Christianity', '', 'Marayag', 'Libon', 'Albay', 'CASAS, ALBERTO PABADORA', 'BORROMEO,DIVINA,REMPIS,', '', '', '', 'Face to Face', '', 28, 59, 'enrolled'),
(1187, 23, '111762200050', 'CORALDE', 'ARNEL JR.', 'SAYSON', 'Male', '2014-08-01', 8, 'Bikol, Libon', '', 'Christianity', '', 'Zone VII (Poblacion)', 'Libon', 'Albay', 'CORALDE, ARNEL SEVA', 'SAYSON,RESYEL,ROBLES,', '', '', '', 'Face to Face', '', 28, 59, 'enrolled'),
(1188, 23, '111762200051', 'DUQUE', 'LEO', 'SALTING', 'Male', '2014-12-05', 7, 'Bikol, Libon', '', 'Christianity', '', 'Zone IV (Poblacion)', 'Libon', 'Albay', 'DUQUE, TEODORO II PELLIEGAS', 'SALTING,MAYLYN,TUMACMOL,', '', '', '', 'Face to Face', '', 28, 59, 'enrolled'),
(1189, 23, '111769200009', 'EDROSO', 'GLENDEL JAMES', 'RAZAL', 'Male', '2015-08-24', 7, 'Bikol, Libon', '', 'Christianity', '', 'West Carisac', 'Libon', 'Albay', 'EDROSO, GLENN SECULAN', 'RAZAL,MADEL,MARILAG,', '', '', '', 'Modular (print)', '', 28, 59, 'enrolled'),
(1190, 23, '111762200007', 'MABINI', 'JAMEER CHARLES', 'PACAMARA', 'Male', '2015-01-31', 7, 'Tagalog', '', 'Christianity', '', 'Zone I (Poblacion)', 'Libon', 'Albay', 'MABINI, JAMES BUENAOBRA', 'PACAMARA,ELSA,ABILA,', '', '', '', 'Face to Face', '', 28, 59, 'enrolled'),
(1191, 23, '111762200046', 'MELECIO', 'RANZEL ZIAN', 'BUENAGUA', 'Male', '2014-12-26', 7, 'Bikol, Libon', '', 'Christianity', '', 'San Vicente', 'Libon', 'Albay', 'MELECIO, RUSTOM MELARPIS', 'BUENAGUA,MICHELLE,,', '', '', '', 'Face to Face', '', 28, 59, 'enrolled'),
(1192, 23, '111762200056', 'SANDAGON', 'KHEN', 'SE', 'Male', '2015-01-22', 7, 'Bikol, Libon', '', 'Christianity', '', 'Zone VII (Poblacion)', 'Libon', 'Albay', 'SANDAGON, RICO VALLADOLID', 'SE,ELEONOR,SATUITO,', '', '', '', 'Face to Face', '', 28, 59, 'enrolled'),
(1193, 23, '111795190027', 'SATIOQUIA', 'DENVERT', 'SAYSON', 'Male', '2012-10-08', 10, 'Bikol, Libon', '', 'Christianity', '', 'Bulusan', 'Libon', 'Albay', 'SATIOQUIA, RIZAL FULLOSO', 'SAYSON,AIZA,SEVA,', '', '', '', 'Face to Face', 'T/I DATE:2022-08-22', 28, 59, 'enrolled'),
(1194, 23, '432524200004', 'SAYSON', 'JAMES ANDREI', 'VILLAFRANCA', 'Male', '2015-07-09', 7, 'Tagalog', '', 'Christianity', '', 'East Carisac', 'Libon', 'Albay', 'SAYSON, DENIS RUIZ', 'VILLAFRANCA,ROSALIE,CANONCE,', '', '', '', 'Face to Face', '', 28, 59, 'enrolled'),
(1195, 23, '111762200078', 'SAZON', 'CHRISTIAN FERDIE', 'BLANQUEZA', 'Male', '2015-05-30', 7, 'Bikol, Libon', '', 'Christianity', '', 'Zone IV (Poblacion)', 'Libon', 'Albay', 'SAZON, CHRISTOPHER REGALARIO', 'BLANQUEZA,FE,PAEZ,', '', '', '', 'Face to Face', '', 28, 59, 'enrolled'),
(1196, 23, '111762200027', 'SE', 'KAIZER JANN', 'OSTONAL', 'Male', '2015-03-14', 7, 'Bikol, Libon', '', 'Christianity', '', 'Zone III (Poblacion)', 'Libon', 'Albay', 'SE, JOHN MOLFRE CASIM', 'CERDON,MARVIEH,OSTONAL,', '', '', '', 'Face to Face', '', 28, 59, 'enrolled'),
(1197, 23, '111762200090', 'DERESAS', 'SAMANTHA', 'REGONDOLA', 'Female', '2014-10-10', 8, 'Bikol, Libon', '', 'Christianity', '', 'Zone IV (Poblacion)', 'Libon', 'Albay', 'DERESAS, DAREIL CARLOBOS', 'REGONDOLA,MA LOURDES,SEVILLA,', '', '', '', 'Face to Face', '', 28, 59, 'enrolled'),
(1198, 23, '112011200082', 'GAMBOL', 'SAMANTHA RAYE', 'FADALLAN', 'Female', '2015-03-27', 7, 'Tagalog', '', 'Others', '', 'Sorosoro Ilaya', 'Batangas City (capital)', 'Batangas', 'GAMBOL, REYNOLD DOTE', 'FADALLAN,MELODY,AMARANTE,', '', '', '', 'Face to Face', 'T/I DATE:2022-08-22', 28, 59, 'enrolled'),
(1199, 23, '403581200003', 'IBIAS', 'NHEA LORAINE', 'LANUZO', 'Female', '2014-10-09', 8, 'Bikol, Libon', '', 'Christianity', '', 'Zone IV (Poblacion)', 'Libon', 'Albay', '', 'LANUZO,JACQUELINE,SERRANO,', '', '', '', 'Face to Face', '', 28, 59, 'enrolled'),
(1200, 23, '111762200131', 'LLAMASARES', 'CRISTALYN', 'ALTAJARA', 'Female', '2014-12-25', 7, 'Bikol, Libon', '', 'Christianity', '', 'Bonbon', 'Libon', 'Albay', 'LLAMASARES, ALEX SEVILLA', 'ALTAJARA,AMALYN,ABILA,', '', '', '', 'Face to Face', '', 28, 59, 'enrolled'),
(1201, 23, '111762200021', 'MABINI', 'YIESHA LAUREN', 'ROBISO', 'Female', '2015-06-19', 7, 'Tagalog', '', 'Christianity', '', 'Zone I (Poblacion)', 'Libon', 'Albay', 'MABINI, LAURENCE BUENAOBRA', 'ROBISO,ANNALIZA,VILLARMINO,', '', '', '', 'Face to Face', '', 28, 59, 'enrolled'),
(1202, 23, '500332200047', 'MALAPO', 'CHARLYN XANTY', 'NUAY', 'Female', '2015-07-07', 7, 'Tagalog', '', 'Christianity', '', 'Zone II (Poblacion)', 'Libon', 'Albay', 'MALAPO, RICHARD RICALDE', 'NUAY,CAROLYN,MONGCOPA,', '', '', '', 'Face to Face', '', 28, 59, 'enrolled'),
(1203, 23, '111776200029', 'ORBIGO', 'ANDREEA ROSE', 'CATAMORA', 'Female', '2014-12-13', 7, 'Bikol', '', 'Christianity', '', 'Zone V (Poblacion)', 'Libon', 'Albay', '', 'ORBIGO,DANICA,CATAMORA,', '', '', '', 'Face to Face', '', 28, 59, 'enrolled'),
(1204, 23, '111762200106', 'SANTILLAN', 'NICKIE GRACE', 'RATON', 'Female', '2015-03-16', 7, 'Bikol, Libon', '', 'Christianity', '', 'San Isidro', 'Libon', 'Albay', 'SANTILLAN, BENJAMIN MORADA', 'RATON,EVANGELINE,MUNDA,', '', '', '', 'Face to Face', '', 28, 59, 'enrolled'),
(1205, 23, '111762200013', 'SARIO', 'PRINCESS ANGELA', 'SEAGAN', 'Female', '2014-11-06', 7, 'Tagalog', '', 'Christianity', '', 'Zone V (Poblacion)', 'Libon', 'Albay', 'SARIO, JEFRY SARIOLA', 'SEAGAN,SUSAN,ABO,', '', '', '', 'Face to Face', '', 28, 59, 'enrolled'),
(1206, 23, '111762200060', 'SAZON', 'ANDRIA', 'LLANETA', 'Female', '2014-09-27', 8, 'Bikol, Libon', '', 'Christianity', '', 'Zone IV (Poblacion)', 'Libon', 'Albay', 'SAZON, EDSON REGALARIO', 'LLANETA,ANALYN,BARQUILLA,', '', '', '', 'Face to Face', '', 28, 59, 'enrolled'),
(1207, 23, '111762200014', 'SERRANO', 'KALISTA GALE', 'SECILLANO', 'Female', '2014-12-21', 7, 'Tagalog', '', 'Christianity', '', 'Zone II (Poblacion)', 'Libon', 'Albay', 'SERRANO, GIRO BOCO', 'SECILLANO,KIM ROSE,PAYSON,', '', '', '', 'Face to Face', '', 28, 59, 'enrolled'),
(1208, 23, '111762200108', 'SERRANO', 'RHAIZA NICA', 'SEAGAN', 'Female', '2015-04-28', 7, 'Bikol, Libon', '', 'Christianity', '', 'Zone IV (Poblacion)', 'Libon', 'Albay', 'SERRANO, RAFAEL HIZOLA', 'SEAGAN,LUCIA,BRIZ,', '', '', '', 'Face to Face', '', 28, 59, 'enrolled'),
(1209, 23, '111762200015', 'SEVA', 'ZOEY ZAIRA', 'PADUA', 'Female', '2014-10-24', 8, 'Tagalog', '', 'Christianity', '', 'Zone I (Poblacion)', 'Libon', 'Albay', 'SEVA, VLADIMIR SEGUI', 'PADUA,AIRA MAE,LACRO,', '', '', '', 'Face to Face', '', 28, 59, 'enrolled'),
(1210, 23, '136741200525', 'SUMALPONG', 'CHELSSY ALIYAH', 'MANSANIDO', 'Female', '2015-04-15', 7, 'Tagalog', '', 'Christianity', '', 'Zone V (Poblacion)', 'Libon', 'Albay', 'SUMALPONG, REY PITOS', 'MANSANIDO,FRITZIE,RESUENA,', '', '', '', 'Face to Face', 'T/I DATE:2022-08-22', 28, 59, 'enrolled'),
(1211, 23, '111677200060', 'ZAFRA', 'MARIANNE VENICE', 'RABELAS', 'Female', '2014-12-23', 7, 'Bikol', '', 'Christianity', '', 'Zone V (Poblacion)', 'Libon', 'Albay', 'ZAFRA, VERT MCBAIN ARAGON', 'RABELAS,DAWN VIVIENE,MAYOR,', '', '', '', 'Face to Face', '', 28, 59, 'enrolled'),
(1212, 23, '111762190146', 'ASANZA', 'JUAN MARCO', 'ARMILLO', 'Male', '2013-11-26', 11, 'Bikol, Libon', '', 'Christianity', '', 'Zone IV (Poblacion)', 'Libon', 'Albay', 'ASANZA, MARK DOVHEL GUMBAN', 'ARMILLO,ANIKKA KRISTEL,BALMACEDA,', '', '', '', 'Face to Face', '', 26, 60, 'enrolled'),
(1213, 23, '111762180007', 'BERAQUET', 'ADRIAN', 'AÑONUEVO', 'Male', '2012-10-02', 12, 'Bikol, Libon', '', 'Christianity', '', 'Zone II (Poblacion)', 'Libon', 'Albay', 'BERAQUET, SALVADOR MARAÑO', 'AÑONUEVO,EMILY,BELO,', '', '', '', 'Face to Face', '', 26, 60, 'enrolled'),
(1214, 23, '111762180011', 'BERAQUET', 'JAYSON', 'ROBLO', 'Male', '2013-04-13', 12, 'Bikol, Libon', '', 'Christianity', '', 'East Carisac', 'Libon', 'Albay', 'BERAQUET, JAYSON AÑONUEVO', 'ROBLO,JULIE ANN,MARANAN,', '', '', '', 'Face to Face', '', 26, 60, 'enrolled'),
(1215, 23, '111762190003', 'BOLANTE', 'JOHN KYLE', 'NANO', 'Male', '2013-07-29', 12, 'Bikol, Libon', '', 'Christianity', '', 'Zone IV (Poblacion)', 'Libon', 'Albay', 'BOLANTE, JOB OLAZO', 'NANO,MELANIE,DE MESA,', '', '', '', 'Face to Face', '', 26, 60, 'enrolled'),
(1216, 23, '111762190032', 'DE LEON', 'ENRIQUE DOMINIC', 'SENTILLAS', 'Male', '2013-12-21', 11, 'Bikol, Libon', '', 'Christianity', '', 'Zone I (Poblacion)', 'Libon', 'Albay', 'DE LEON, ERWIN CRUZ', 'SENTILLAS,DOMINGA,OLMEDA,', '', '', '', 'Face to Face', '', 26, 60, 'enrolled'),
(1217, 23, '403581190011', 'LOMIBAO', 'MATEO ANDREW', 'TIMADO', 'Male', '2014-04-27', 11, 'Bikol, Libon', '', 'Christianity', '', 'San Isidro', 'Libon', 'Albay', '', 'TIMADO,CLEA,MORATALIA,', '', '', '', 'Face to Face', '', 26, 60, 'enrolled'),
(1218, 23, '111762190153', 'LOPERA', 'JOHN RAY', 'SECRETO', 'Male', '2013-09-20', 11, 'Bikol, Libon', '', 'Christianity', '', 'San Isidro', 'Libon', 'Albay', 'LOPERA, RANDY PACARDO', 'SECRETO,CARILENE,DAZO,', '', '', '', 'Face to Face', '', 26, 60, 'enrolled'),
(1219, 23, '111762190129', 'MELAÑEZ', 'THOMAS HONESTO', 'REYES', 'Male', '2014-04-23', 11, 'Bikol, Libon', '', 'Christianity', '', 'Zone II (Poblacion)', 'Libon', 'Albay', 'MELAÑEZ, ROLDAN OGMAR', 'REYES,GELLIE,EPANAG,', '', '', '', 'Face to Face', '', 26, 60, 'enrolled'),
(1220, 23, '111762190148', 'OSILA', 'KHALIL YBRAHIM', 'CANONCE', 'Male', '2013-11-25', 11, 'Bikol, Libon', '', 'Christianity', '', 'Zone III (Poblacion)', 'Libon', 'Albay', 'OSILA, AMADO REPUBLICA', 'CANONCE,JENET,SEGUBIENSE,', '', '', '', 'Face to Face', '', 26, 60, 'enrolled'),
(1221, 23, '109342190423', 'REGONDOLA', 'MARK JEFFER', 'CABILES', 'Male', '2013-09-23', 11, 'Tagalog', '', 'Christianity', '', 'Tatalon', 'Quezon City', 'Ncr   Second District', 'REGONDOLA, JEFFREY PACHECO', 'CABILES,MYRA,YANZON,', '', '', '', 'Face to Face', '', 26, 60, 'enrolled'),
(1222, 23, '111762190176', 'RELLOROSA', 'KHIAN', 'ABENAL', 'Male', '2014-03-06', 11, 'Bikol, Libon', '', 'Christianity', '', 'Zone III (Poblacion)', 'Libon', 'Albay', 'RELLOROSA, MICHAEL BOSEO', 'ABENAL,MAY,FRANCISCO,', '', '', '', 'Face to Face', '', 26, 60, 'enrolled'),
(1223, 23, '104913180117', 'ROBERTO', 'JOHN CEDRICK', 'VASQUEZ', 'Male', '2011-11-26', 13, 'Tagalog', '', 'Christianity', '', 'Zone I (Poblacion)', 'Libon', 'Albay', 'ROBERTO, VENANCIO DELA CRUZ', 'VASQUEZ,MARIFE,SAGUE,', '', '', '', 'Face to Face', '', 26, 60, 'enrolled'),
(1224, 23, '111762190020', 'ROSAL', 'NHAITE GABRIELLE', 'ENAJE', 'Male', '2014-08-21', 11, 'Bikol, Libon', '', 'Christianity', '', 'Zone IV (Poblacion)', 'Libon', 'Albay', 'ROSAL, ARGIE RIVERA', 'ENAJE,MADIELENE,SEVILLA,', '', '', '', 'Face to Face', '', 26, 60, 'enrolled'),
(1225, 23, '111762180138', 'ROSALES', 'DANMER', 'VASQUEZ', 'Male', '2013-06-06', 12, 'Bikol, Libon', '', 'Christianity', '', 'Zone V (Poblacion)', 'Libon', 'Albay', 'ROSALES, DANILO MARANO', 'VASQUEZ,MARIA EMERLINE,REALUBIT,', '', '', '', 'Face to Face', '', 26, 60, 'enrolled'),
(1226, 23, '111762190022', 'SARIOLA', 'LUKE ANDREI', 'SEDA', 'Male', '2014-08-06', 11, 'Bikol, Libon', '', 'Christianity', '', 'Zone VII (Poblacion)', 'Libon', 'Albay', 'SARIOLA, NIÑO MATOCIÑOS', 'SEDA,ANALIZA,SE,', '', '', '', 'Face to Face', '', 26, 60, 'enrolled'),
(1227, 23, '111762190158', 'SAYRITAN', 'CRIS RAEL', 'ORILLA', 'Male', '2014-07-03', 11, 'Bikol, Libon', '', 'Christianity', '', 'Zone III (Poblacion)', 'Libon', 'Albay', 'SAYRITAN, ISRAEL MARAÑO', 'ORILLA,CRISTINE,SEVA,', '', '', '', 'Face to Face', '', 26, 60, 'enrolled'),
(1228, 23, '111762190041', 'SE', 'SEAN NATHANIEL', 'FERRERAS', 'Male', '2013-11-29', 11, 'Bikol, Libon', '', 'Christianity', '', 'Zone III (Poblacion)', 'Libon', 'Albay', 'SE, JENMAR', 'FERRERAS,PAMELA,SOTELA,', '', '', '', 'Face to Face', '', 26, 60, 'enrolled'),
(1229, 23, '111762190044', 'SIANOYA', 'MATEO', 'MORADILLO', 'Male', '2014-04-26', 11, 'Bikol, Libon', '', 'Christianity', '', 'Zone VI (Poblacion)', 'Libon', 'Albay', 'SIANOYA, EDDIE CORPORAL', 'MORADILLO,MERRYLYN,NOCEDAL,', '', '', '', 'Face to Face', '', 26, 60, 'enrolled'),
(1230, 23, '111762190159', 'ABILA', 'LOUISE CIELO LAYNE', 'CASTRO', 'Female', '2014-02-26', 11, 'Bikol, Libon', '', 'Christianity', '', 'Zone IV (Poblacion)', 'Libon', 'Albay', 'ABILA, JEYSON SECRETO', 'CASTRO,SALLY,SASUTONA,', '', '', '', 'Face to Face', '', 26, 60, 'enrolled'),
(1231, 23, '111762190056', 'CONCEPCION', 'ROTCHE', 'LLANDERAL', 'Female', '2014-03-17', 11, 'Bikol, Libon', '', 'Christianity', '', 'Zone II (Poblacion)', 'Libon', 'Albay', 'CONCEPCION, RONEL MANGAMPO', 'LLANDERAL,CHERRY,OGUIS,', '', '', '', 'Face to Face', '', 26, 60, 'enrolled'),
(1232, 23, '111762190057', 'CUADRO', 'NICOLE', 'SEVA', 'Female', '2013-11-06', 11, 'Bikol, Libon', '', 'Christianity', '', 'Zone V (Poblacion)', 'Libon', 'Albay', 'CUADRO, BONIFACIO MUSA', 'SEVA,VALENTINA,SIARON,', '', '', '', 'Face to Face', '', 26, 60, 'enrolled'),
(1233, 23, '136787190358', 'HARESCO', 'FRANCES DENICE', 'ABILA', 'Female', '2013-08-01', 12, 'Tagalog', '', 'Christianity', '', 'Marayag', 'Libon', 'Albay', 'HARESCO, JAY FRANCIS XAVIER LEE', 'ABILA,SARAH JANE,BONITA,', '', '', '', 'Face to Face', '', 26, 60, 'enrolled'),
(1234, 23, '111762190060', 'LAGONG', 'EUNNISE', 'SEDA', 'Female', '2014-06-03', 11, 'Bikol, Libon', '', 'Christianity', '', 'Zone VII (Poblacion)', 'Libon', 'Albay', 'LAGONG, EULOGIO PABE JR', 'SEDA,ANNABEL,CORPORAL,', '', '', '', 'Face to Face', '', 26, 60, 'enrolled'),
(1235, 23, '114477190077', 'LALATA', 'RHEALYN', 'BOLAÑOS', 'Female', '2012-09-26', 12, 'Bikol', '', 'Christianity', '', 'Bgy. 58 - Buragwis', 'Legazpi City  (capital)', 'Albay', 'LALATA, ERDINSY MARISTELA', 'BOLAÑOS,ARLENE,CARGANTA,', '', '', '', 'Face to Face', '', 26, 60, 'enrolled'),
(1236, 23, '111793190021', 'SECRETARIO', 'STEPHANIE', 'REYES', 'Female', '2014-05-29', 11, 'Bikol, Libon', '', 'Christianity', '', 'Zone VII (Poblacion)', 'Libon', 'Albay', 'SECRETARIO, CARLO DACO', 'REYES,ROBIE,MORICO,', '', '', '', 'Face to Face', '', 26, 60, 'enrolled'),
(1237, 23, '111762190118', 'SEDA', 'BRENNA', 'SON', 'Female', '2014-05-20', 11, 'Bikol, Libon', '', 'Christianity', '', 'Zone VII (Poblacion)', 'Libon', 'Albay', 'SEDA, LUIS CORPORAL', 'SON,MA APPLE,BERINA,', '', '', '', 'Face to Face', '', 26, 60, 'enrolled'),
(1238, 23, '111762190071', 'SEDA', 'JANELLA', 'REYNANCIA', 'Female', '2013-10-08', 11, 'Bikol, Libon', '', 'Christianity', '', 'Zone VII (Poblacion)', 'Libon', 'Albay', 'SEDA, JESUS CORPORAL', 'REYNANCIA,REGINA,MATA,', '', '', '', 'Face to Face', '', 26, 60, 'enrolled'),
(1239, 23, '111762190095', 'SEVILLA', 'KYLIE', 'ROARING', 'Female', '2014-01-15', 11, 'Bikol, Libon', '', 'Christianity', '', 'Zone IV (Poblacion)', 'Libon', 'Albay', 'SEVILLA, REY MAPE', 'ROARING,EDEN,RIPARIP,', '', '', '', 'Face to Face', '', 26, 60, 'enrolled'),
(1240, 23, '111762190096', 'SIENES', 'MIRA JANE', 'MONTA', 'Female', '2014-04-20', 11, 'Bikol, Libon', '', 'Christianity', '', 'Zone IV (Poblacion)', 'Libon', 'Albay', 'SIENES, ROCKY RINGO ALTAJARA', 'MONTA,KASELYN,-,', '', '', '', 'Face to Face', '', 26, 60, 'enrolled');

-- --------------------------------------------------------

--
-- Table structure for table `school_years`
--

CREATE TABLE `school_years` (
  `sy_id` int(11) NOT NULL,
  `school_year` varchar(20) DEFAULT NULL,
  `start_date` date DEFAULT NULL,
  `end_date` date DEFAULT NULL
) ENGINE=InnoDB DEFAULT CHARSET=utf8mb4 COLLATE=utf8mb4_general_ci;

--
-- Dumping data for table `school_years`
--

INSERT INTO `school_years` (`sy_id`, `school_year`, `start_date`, `end_date`) VALUES
(13, '2023-2024', '2023-06-12', '2024-03-29'),
(14, '2024-2025', '2024-06-17', '2025-03-28'),
(26, '2025-2026', '2025-06-16', '2026-03-27'),
(28, '2022-2023', '2022-06-13', '2023-03-24'),
(29, '2021-2022', '2021-06-14', '2022-06-24');

-- --------------------------------------------------------

--
-- Table structure for table `sections`
--

CREATE TABLE `sections` (
  `section_id` int(11) NOT NULL,
  `section_name` varchar(50) NOT NULL,
  `grade_level_id` int(11) NOT NULL,
  `teacher_id` int(11) DEFAULT NULL,
  `sy_id` int(11) NOT NULL
) ENGINE=InnoDB DEFAULT CHARSET=utf8mb4 COLLATE=utf8mb4_general_ci;

--
-- Dumping data for table `sections`
--

INSERT INTO `sections` (`section_id`, `section_name`, `grade_level_id`, `teacher_id`, `sy_id`) VALUES
(10, 'Thinkers', 4, 6, 14),
(15, 'Thinkers', 4, 6, 13),
(16, 'Thinkers', 3, 21, 13),
(34, 'Thinkers', 3, 21, 14),
(37, 'Winners', 23, 20, 14),
(38, 'Experts', 1, 3, 13),
(39, 'Fighters', 1, 30, 13),
(40, 'Incredibles', 1, 29, 13),
(41, 'Experts', 2, 43, 13),
(42, 'Fighters', 2, 23, 13),
(43, 'Incredibles', 2, 44, 13),
(44, 'Experts', 3, 45, 13),
(45, 'Fighters', 3, 46, 13),
(46, 'Incredibles', 3, 40, 13),
(47, 'Experts', 4, 47, 13),
(48, 'Fighters', 4, 48, 13),
(49, 'Incredibles', 4, 42, 13),
(50, 'Fighters', 5, 50, 13),
(51, 'Thinkers', 5, 51, 13),
(52, 'Experts', 5, 49, 13),
(53, 'Experts', 23, 39, 13),
(54, 'Fighters', 23, 52, 13),
(55, 'Incredibles', 23, 53, 13),
(56, 'Winners', 23, 20, 13),
(57, 'Rizal', 2, 23, 29),
(59, 'Rizal', 2, 23, 28),
(60, 'Winners', 23, 23, 26);

-- --------------------------------------------------------

--
-- Table structure for table `section_name`
--

CREATE TABLE `section_name` (
  `section_name_id` int(11) NOT NULL,
  `section_name` varchar(255) NOT NULL
) ENGINE=InnoDB DEFAULT CHARSET=utf8mb4 COLLATE=utf8mb4_general_ci;

--
-- Dumping data for table `section_name`
--

INSERT INTO `section_name` (`section_name_id`, `section_name`) VALUES
(1, 'Fighters'),
(2, 'Experts'),
(3, 'Thinkers'),
(4, 'Incredibles'),
(5, 'Winners'),
(6, 'Wizards'),
(9, 'Rizal'),
(10, 'Dalton');

-- --------------------------------------------------------

--
-- Table structure for table `subjects`
--

CREATE TABLE `subjects` (
  `subject_id` int(11) NOT NULL,
  `subject_name` varchar(100) NOT NULL,
  `grade_level_id` int(11) NOT NULL,
  `sy_id` int(11) NOT NULL DEFAULT 13,
  `parent_subject_id` int(11) DEFAULT NULL,
  `start_quarter` enum('Q1','Q2','Q3','Q4') DEFAULT 'Q1',
  `display_order` int(11) DEFAULT 0
) ENGINE=InnoDB DEFAULT CHARSET=utf8mb4 COLLATE=utf8mb4_general_ci;

--
-- Dumping data for table `subjects`
--

INSERT INTO `subjects` (`subject_id`, `subject_name`, `grade_level_id`, `sy_id`, `parent_subject_id`, `start_quarter`, `display_order`) VALUES
(2, 'Filipino', 2, 13, NULL, 'Q1', 0),
(3, 'Filipino', 3, 13, NULL, 'Q1', 0),
(4, 'Filipino', 4, 13, NULL, 'Q1', 0),
(5, 'Mathematics', 3, 13, NULL, 'Q1', 0),
(8, 'Mathematics', 5, 13, NULL, 'Q1', 0),
(13, 'Mathematics', 4, 13, NULL, 'Q1', 0),
(14, 'Mother Tongue', 1, 13, NULL, 'Q1', 0),
(15, 'Filipino', 1, 13, NULL, 'Q2', 0),
(16, 'English', 1, 13, NULL, 'Q3', 0),
(17, 'Mathematics', 1, 13, NULL, 'Q1', 0),
(18, 'Araling Panlipunan', 1, 13, NULL, 'Q1', 0),
(19, 'MAPEH', 1, 13, NULL, 'Q1', 0),
(20, 'Edukasyon sa Pagpapakatao', 1, 13, NULL, 'Q1', 0),
(21, 'Music', 1, 13, 19, 'Q1', 1),
(22, 'Arts', 1, 13, 19, 'Q1', 2),
(23, 'Physical Education', 1, 13, 19, 'Q1', 3),
(24, 'Health', 1, 13, 19, 'Q1', 4),
(25, 'Filipino', 4, 14, NULL, 'Q1', 0),
(26, 'Mathematics', 4, 14, NULL, 'Q1', 0),
(27, 'Mathematics', 1, 14, NULL, 'Q1', 0),
(28, 'Science', 3, 14, NULL, 'Q1', 0),
(29, 'Science', 4, 14, NULL, 'Q1', 0),
(30, 'English', 4, 14, NULL, 'Q1', 0),
(31, 'Science', 3, 13, NULL, 'Q1', 0),
(32, 'Science', 4, 13, NULL, 'Q1', 0),
(33, 'Science', 5, 13, NULL, 'Q1', 0),
(34, 'English', 23, 13, NULL, 'Q1', 0),
(36, 'Mother Tongue', 2, 13, NULL, 'Q1', 0),
(37, 'Mother Tongue', 3, 13, NULL, 'Q1', 0),
(38, 'Edukasyong Pantahanan at Pangkabuhayan / TLE', 23, 13, NULL, 'Q1', 0),
(39, 'English', 2, 13, NULL, 'Q1', 0),
(40, 'Araling Panlipunan', 2, 13, NULL, 'Q1', 0),
(41, 'MAPEH', 2, 13, NULL, 'Q1', 0),
(42, 'Music', 2, 13, 41, 'Q1', 0),
(43, 'Arts', 2, 13, 41, 'Q1', 0),
(44, 'Physical Education', 2, 13, 41, 'Q1', 0),
(45, 'Health', 2, 13, 41, 'Q1', 0),
(46, 'Edukasyon sa Pagpapakatao', 2, 13, NULL, 'Q1', 0),
(47, 'Mathematics', 2, 13, NULL, 'Q1', 0),
(48, 'English', 3, 13, NULL, 'Q1', 0),
(49, 'Araling Panlipunan', 3, 13, NULL, 'Q1', 0),
(50, 'MAPEH', 3, 13, NULL, 'Q1', 0),
(51, 'Music', 3, 13, 50, 'Q1', 0),
(52, 'Arts', 3, 13, 50, 'Q1', 0),
(53, 'Physical Education', 3, 13, 50, 'Q1', 0),
(54, 'Health', 3, 13, 50, 'Q1', 0),
(55, 'Edukasyon sa Pagpapakatao', 3, 13, NULL, 'Q1', 0),
(56, 'English', 4, 13, NULL, 'Q1', 0),
(57, 'Araling Panlipunan', 4, 13, NULL, 'Q1', 0),
(58, 'Edukasyong Pantahanan at Pangkabuhayan / TLE', 4, 13, NULL, 'Q1', 0),
(59, 'Edukasyon sa Pagpapakatao', 4, 13, NULL, 'Q1', 0),
(60, 'MAPEH', 4, 13, NULL, 'Q1', 0),
(61, 'Music', 4, 13, 60, 'Q1', 0),
(62, 'Arts', 4, 13, 60, 'Q1', 0),
(63, 'Physical Education', 4, 13, 60, 'Q1', 0),
(64, 'Health', 4, 13, 60, 'Q1', 0),
(65, 'Filipino', 5, 13, NULL, 'Q1', 0),
(66, 'English', 5, 13, NULL, 'Q1', 0),
(67, 'Araling Panlipunan', 5, 13, NULL, 'Q1', 0),
(68, 'Edukasyong Pantahanan at Pangkabuhayan / TLE', 5, 13, NULL, 'Q1', 0),
(69, 'Edukasyon sa Pagpapakatao', 5, 13, NULL, 'Q1', 0),
(70, 'MAPEH', 5, 13, NULL, 'Q1', 0),
(71, 'Music', 5, 13, 70, 'Q1', 0),
(72, 'Arts', 5, 13, 70, 'Q1', 0),
(73, 'Physical Education', 5, 13, 70, 'Q1', 0),
(74, 'Health', 5, 13, 70, 'Q1', 0),
(75, 'Filipino', 23, 13, NULL, 'Q1', 0),
(76, 'Science', 23, 13, NULL, 'Q1', 0),
(77, 'Mathematics', 23, 13, NULL, 'Q1', 0),
(78, 'Araling Panlipunan', 23, 13, NULL, 'Q1', 0),
(79, 'Edukasyon sa Pagpapakatao', 23, 13, NULL, 'Q1', 0),
(80, 'MAPEH', 23, 13, NULL, 'Q1', 0),
(81, 'Music', 23, 13, 80, 'Q1', 0),
(82, 'Arts', 23, 13, 80, 'Q1', 0),
(83, 'Physical Education', 23, 13, 80, 'Q1', 0),
(84, 'Health', 23, 13, 80, 'Q1', 0),
(85, 'Filipino', 1, 14, NULL, 'Q2', 0),
(86, 'English', 1, 14, NULL, 'Q3', 0),
(89, 'Mother Tongue', 1, 14, NULL, 'Q1', 0),
(91, 'Edukasyon sa Pagpapakatao', 1, 14, NULL, 'Q1', 0),
(92, 'MAPEH', 1, 14, NULL, 'Q1', 0),
(93, 'Music', 1, 14, 92, 'Q1', 0),
(94, 'Arts', 1, 14, 92, 'Q1', 0),
(95, 'Physical Education', 1, 14, 92, 'Q1', 0),
(96, 'Health', 1, 14, 92, 'Q1', 0),
(101, 'Araling Panlipunan', 3, 14, NULL, 'Q1', 0),
(102, 'Mother Tongue', 2, 14, NULL, 'Q1', 0),
(103, 'Filipino', 2, 14, NULL, 'Q1', 0),
(104, 'English', 2, 14, NULL, 'Q1', 0),
(105, 'Araling Panlipunan', 1, 14, NULL, 'Q1', 0),
(106, 'Araling Panlipunan', 2, 14, NULL, 'Q1', 0),
(107, 'MAPEH', 2, 14, NULL, 'Q1', 0),
(108, 'Arts', 2, 14, 107, 'Q1', 0),
(109, 'Music', 2, 14, 107, 'Q1', 0),
(110, 'Physical Education', 2, 14, 107, 'Q1', 0),
(111, 'Health', 2, 14, 107, 'Q1', 0),
(112, 'Edukasyon sa Pagpapakatao', 2, 14, NULL, 'Q1', 0),
(113, 'Mathematics', 2, 14, NULL, 'Q1', 0),
(114, 'MAPEH', 3, 14, NULL, 'Q1', 0),
(115, 'Arts', 3, 14, 114, 'Q1', 0),
(116, 'Physical Education', 3, 14, 114, 'Q1', 0),
(117, 'Music', 3, 14, 114, 'Q1', 0),
(118, 'Health', 3, 14, 114, 'Q1', 0),
(119, 'Edukasyon sa Pagpapakatao', 3, 14, NULL, 'Q1', 0),
(120, 'English', 3, 14, NULL, 'Q1', 0),
(121, 'Filipino', 3, 14, NULL, 'Q1', 0),
(122, 'Mathematics', 3, 14, NULL, 'Q1', 0),
(123, 'Mother Tongue', 3, 14, NULL, 'Q1', 0),
(124, 'Araling Panlipunan', 4, 14, NULL, 'Q1', 0),
(125, 'MAPEH', 4, 14, NULL, 'Q1', 0),
(126, 'Music', 4, 14, 125, 'Q1', 0),
(127, 'Arts', 4, 14, 125, 'Q1', 0),
(128, 'Physical Education', 4, 14, 125, 'Q1', 0),
(129, 'Health', 4, 14, 125, 'Q1', 0),
(130, 'Edukasyon sa Pagpapakatao', 4, 14, NULL, 'Q1', 0),
(131, 'Edukasyong Pantahanan at Pangkabuhayan / TLE', 4, 14, NULL, 'Q1', 0),
(132, 'Araling Panlipunan', 5, 14, NULL, 'Q1', 0),
(133, 'MAPEH', 5, 14, NULL, 'Q1', 0),
(134, 'Arts', 5, 14, 133, 'Q1', 0),
(135, 'Edukasyon sa Pagpapakatao', 5, 14, NULL, 'Q1', 0),
(136, 'Edukasyong Pantahanan at Pangkabuhayan / TLE', 5, 14, NULL, 'Q1', 0),
(137, 'English', 5, 14, NULL, 'Q1', 0),
(138, 'Filipino', 5, 14, NULL, 'Q1', 0),
(139, 'Health', 5, 14, 133, 'Q1', 0),
(140, 'Mathematics', 5, 14, NULL, 'Q1', 0),
(141, 'Music', 5, 14, 133, 'Q1', 0),
(142, 'Physical Education', 5, 14, 133, 'Q1', 0),
(143, 'Science', 5, 14, NULL, 'Q1', 0),
(144, 'Araling Panlipunan', 23, 14, NULL, 'Q1', 0),
(145, 'MAPEH', 23, 14, NULL, 'Q1', 0),
(146, 'Arts', 23, 14, 145, 'Q1', 0),
(147, 'Edukasyon sa Pagpapakatao', 23, 14, NULL, 'Q1', 0),
(148, 'Edukasyong Pantahanan at Pangkabuhayan / TLE', 23, 14, NULL, 'Q1', 0),
(149, 'English', 23, 14, NULL, 'Q1', 0),
(150, 'Filipino', 23, 14, NULL, 'Q1', 0),
(151, 'Health', 23, 14, 145, 'Q1', 0),
(152, 'Mathematics', 23, 14, NULL, 'Q1', 0),
(153, 'Music', 23, 14, 145, 'Q1', 0),
(154, 'Physical Education', 23, 14, 145, 'Q1', 0),
(155, 'Science', 23, 14, NULL, 'Q1', 0);

-- --------------------------------------------------------

--
-- Table structure for table `teachers`
--

CREATE TABLE `teachers` (
  `teacher_id` int(11) NOT NULL,
  `first_name` varchar(100) DEFAULT NULL,
  `middle_name` varchar(100) DEFAULT NULL,
  `last_name` varchar(100) DEFAULT NULL,
  `employee_no` varchar(20) DEFAULT NULL,
  `email` varchar(100) DEFAULT NULL,
  `password` varchar(255) DEFAULT NULL,
  `gender` enum('Male','Female','Other') DEFAULT NULL,
  `birthdate` date DEFAULT NULL,
  `age` int(11) DEFAULT NULL,
  `contact_no` varchar(20) DEFAULT NULL,
  `house_no_street` varchar(255) DEFAULT NULL,
  `barangay` varchar(255) DEFAULT NULL,
  `municipality` varchar(255) DEFAULT NULL,
  `province` varchar(255) DEFAULT NULL,
  `position` varchar(255) NOT NULL,
  `image` varchar(255) NOT NULL DEFAULT 'teacher.png',
  `user_type` char(1) NOT NULL DEFAULT 't' COMMENT 'a - admin\r\nt- teacher\r\nn- non-teaching',
  `user_status` char(1) NOT NULL DEFAULT 'a' COMMENT 'a - active\r\ni - inactive'
) ENGINE=InnoDB DEFAULT CHARSET=utf8mb4 COLLATE=utf8mb4_general_ci;

--
-- Dumping data for table `teachers`
--

INSERT INTO `teachers` (`teacher_id`, `first_name`, `middle_name`, `last_name`, `employee_no`, `email`, `password`, `gender`, `birthdate`, `age`, `contact_no`, `house_no_street`, `barangay`, `municipality`, `province`, `position`, `image`, `user_type`, `user_status`) VALUES
(3, 'Analyn', 'Tapia', 'Pernecita', '4136941', 'teacher1@gmail.com', '$2y$10$IZHC1qrVhJp6mvHhEOW9s.4xadOcNjoM.36vE98dTfn.Tfa.wnwx6', 'Female', '0000-00-00', 0, 'N/A', 'N/A', 'N/A', 'N/A', 'N/A', 'Teacher 3', '68d1d5df87677.png', 't', 'a'),
(6, 'Ma. Sheryll', 'Reconday', 'Palacio', '4123656', 'teacher4@gmail.com', '$2y$10$f7pbBb9UWXD5WhA1s42b7Omvml28uOo1q2mfWElqeh.p4u0nMFFf.', 'Female', '0000-00-00', 0, 'N/A', 'N/A', 'N/A', 'N/A', 'N/A', 'Teacher 3', '68d1d5c38423e.png', 't', 'a'),
(18, 'Eduardo', 'Orilla', 'Realingo', '4512455', 'admin@gmail.com', '$2y$10$6h/.XaHT7JIQotPBzWXPQOsOpEgpPRtSHES7sFpj3tXlYhdkr3Cdu', 'Male', '0000-00-00', 0, 'N/A', 'N/A', 'Zone III (Poblacion)', 'Libon', 'Albay', 'Principal 1', '68b03732c219b.jpg', 'a', 'a'),
(20, 'Aristea', 'Satuito', 'Baliton', '4130770', 'baliton@gmail.com', '$2y$10$LqG4GLOQMzuZJQHUJm6.ZuruhX9wHvhqy4ScPLzHO9yEoumMmJs12', 'Female', '0000-00-00', 0, 'N/A', 'N/A', 'N/A', 'N/A', 'N/A', 'Master Teacher 1', '68d1d5d2a8095.png', 't', 'a'),
(21, 'Elvira', 'Saribong', 'Se', '4512454', 'teacher3@gmail.com', '$2y$10$PJJv4vo06viUhlSEEEYeiOjlAimmFcSXqrsl4rEK7wp1lAb3K8JXm', 'Female', '0000-00-00', 0, 'N/A', 'N/A', 'N/A', 'N/A', 'N/A', 'Master Teacher 1', '68d1d6428c01a.png', 't', 'a'),
(23, 'Mary Jane', 'Nidea', 'Bautista', '4536529', 'bautista@gmail.com', '$2y$10$5qB/zrQ1ELbiDQEhE7EjJ.2/T4srbpm3LV6BgSXG/XShz1boFWRRe', 'Female', '0000-00-00', 0, 'N/A', 'N/A', 'Zone V (Poblacion)', 'Libon', 'Albay', 'Teacher 3', '68d1d5b12d994.png', 't', 'a'),
(29, 'Emily', 'Zafra', 'Villagomez', '4521683', 'villagomez@gmail.com', '$2y$10$NmaIWZPszwjKX9d0Z.hCVuiw7/QWAldBlv763ig7myph7O3vQ3xUi', 'Female', '0000-00-00', 0, 'N/A', 'N/A', 'N/A', 'N/A', 'N/A', 'Master Teacher 1', 'teacher.png', 't', 'a'),
(30, 'Ma. Luisa', 'Serrano', 'Buiza', '4266585', 'buiza@gmail.com', '$2y$10$3AfQvNVIYU8BybwXTRQcU.PIjg.1xyUW3hqMzaipkwMzHVoCmSDN2', 'Female', '0000-00-00', 0, 'N/A', 'N/A', 'N/A', 'N/A', 'N/A', 'Teacher 2', '68d1e18432bcb.png', 't', 'a'),
(31, 'Cherry', 'Toledo', 'Kikim', '6430599', 'kikim@gmail.com', '$2y$10$0y6qGHY8hyzaUzxzkEcZqeqnFXiU5DdvLh2xc4sqqDiuv3pc5uXVa', 'Female', '0000-00-00', 0, 'N/A', 'N/A', 'N/A', 'N/A', 'N/A', 'Administrative Officer 2', '68d1f46d99202.png', 'a', 'a'),
(32, 'Arnel', 'Reboja', 'Aguilar', '4519082', '', NULL, 'Male', '0000-00-00', 0, 'N/A', 'N/A', 'N/A', 'N/A', 'N/A', 'Administrative Aide 1', '68d1f45bcdcfe.png', 'n', 'a'),
(33, 'Emilio Jose', 'C.', 'Sionicio', '6433052', 'Sionicio@gmail.com', '$2y$10$ImSO0SjRWQej6MWha/oQ5.k5KHaveWQMAlOwpriIYloXMZVq54gaS', 'Male', '0000-00-00', 0, 'N/A', 'N/A', 'N/A', 'N/A', 'N/A', 'Administrative Assistant 2', '68d1f4a4dcf3e.png', 'a', 'a'),
(34, 'Ronel', 'R.', 'Marzan', 'N/A', '', NULL, 'Male', '0000-00-00', 0, 'N/A', 'N/A', 'N/A', 'N/A', 'N/A', 'Utility', '68d1f65eaebeb.png', 'n', 'a'),
(38, 'Maricel', 'M', 'Bueno', 'N/A', '', NULL, 'Female', '0000-00-00', 0, 'N/A', 'N/A', 'N/A', 'N/A', 'N/A', 'Utility', '68e721871982b.png', 'n', 'a'),
(39, 'Maryjane', 'Reconday', 'Bacolod', '0433485', 'bacolodm@gmail.com', '$2y$10$GVr1NgTpDz3ZWrbMqeg6ReS/RHas/exuuiIRCjf/UaXS1vw62OxSW', 'Female', '0000-00-00', 0, 'N/A', 'N/A', 'N/A', 'N/A', 'N/A', 'Master Teacher 2', 'teacher.png', 't', 'a'),
(40, 'Ma. Rosa', 'Serrano', 'Sara', '4177599', 'saram@gmail.com', '$2y$10$cgCz8LeLHVIKJlaf7jW2TOGkMNDInjDGD/CXaAntBWkqcOJQ/Wd3i', 'Female', '0000-00-00', 0, 'N/A', 'N/A', 'N/A', 'N/A', 'N/A', 'Teacher 3', 'teacher.png', 't', 'a'),
(41, 'Shirley', 'Advincula', 'Realingo', '4178283', 'realingos@gmail.com', '$2y$10$bB6l74JOxjdzZo41mkWVNu6/s.Akrs2KAM2MkjTl2VRjpqdqdhStC', 'Female', '0000-00-00', 0, 'N/A', 'N/A', 'N/A', 'N/A', 'N/A', 'Master Teacher 3', 'teacher.png', 't', 'a'),
(42, 'Maggielyn', 'Albia', 'Agaton', '4219232', 'agatonm@gmail.com', '$2y$10$9xsHmIXmnwt3srnCS0ZGF.obTY4OXTqBm/y.FI8dUkG4yHrhE4bRu', 'Female', '0000-00-00', 0, 'N/A', 'N/A', 'N/A', 'N/A', 'N/A', 'Master Teacher 3', '68e8ef5d6550a.png', 't', 'a'),
(43, 'Olympia', 'Satorre', 'Secreto', '4519945', 'secretoo@gmail.com', '$2y$10$hFE./B.03LjPsdhBCXCKo.7UHCn6JgPpjS5gEaJrA8WTq8wVOhv/2', 'Female', '0000-00-00', 0, 'N/A', 'N/A', 'N/A', 'N/A', 'N/A', 'Teacher 3', '68e8f0255f4ff.png', 't', 'a'),
(44, 'Edily', 'Borromeo', 'Catalbas', '4518576', 'catalbase@gmail.com', '$2y$10$gFxLnDcu2fDROHyveApaG.t.siEqCu5hWSYy5npyG40qS9padlFDy', 'Female', '0000-00-00', 0, 'N/A', 'N/A', 'N/A', 'N/A', 'N/A', 'Teacher 3', '68e74d7ed9716.png', 't', 'a'),
(45, 'Ma. Eliza', 'Abila', 'Roselada', '4513345', 'roseladam@gmail.com', '$2y$10$u3J61os7T/LTazwczP8QZeyRmuxLvhL.Nyj91EcWnAHQfsKQJmM8O', 'Female', '0000-00-00', 0, 'N/A', 'N/A', 'N/A', 'N/A', 'N/A', 'Teacher 3', '68e74ea586464.png', 't', 'a'),
(46, 'Salve', 'Nueva', 'Salas', '4512453', 'salass@gmail.com', '$2y$10$PD4MF7lOJpmk0dEFuVdFouwMu6GgwjM5GzFEqkD/iorwUYJPeMWA.', 'Female', '0000-00-00', 0, 'N/A', 'N/A', 'N/A', 'N/A', 'N/A', 'Teacher 3', '68e8efafe66d5.png', 't', 'a'),
(47, 'Jerry', 'Lomibao', 'Mabini', '4521130', 'mabinij@gmail.com', '$2y$10$LLW2UGZYYQyhSpRbIpEyIu7HOihzdTlq0l7k4rslK/Uoi20MSPoMG', 'Male', '0000-00-00', 0, 'N/A', 'N/A', 'N/A', 'N/A', 'N/A', 'Teacher 3', '68e74624263db.png', 't', 'a'),
(48, 'Nonette', 'Sigalat', 'Regondola', '4515415', 'regondolan@gmail.com', '$2y$10$1bIu8iToCuIlA7DfRPhIY.EUJ6sMs.pz7afHk6VEc0LMxJJzDT1W6', 'Female', '0000-00-00', 0, 'N/A', 'N/A', 'N/A', 'N/A', 'N/A', 'Master Teacher 1', '68e746ad0ba18.png', 't', 'a'),
(49, 'Madel', 'Razal', 'Edroso', '4822407', 'edrosom@gmail.com', '$2y$10$UJFUtfj3GMx29tNVikyE..sV2zV2/vZ2DZuUR/e6nD0.pT6F4IvPG', 'Female', '0000-00-00', 0, 'N/A', 'N/A', 'N/A', 'N/A', 'N/A', 'Teacher 2', '68e747667dc8b.png', 't', 'a'),
(50, 'Manilyn', 'Seda', 'Alvarez', '4725188', 'alvarezm@gmail.com', '$2y$10$kzNXwTrKDp2BB.Mr291EResoPSpR2yKCcSnbKT2N3wpcyddNuZ7Ue', 'Female', '0000-00-00', 0, 'N/A', 'N/A', 'N/A', 'N/A', 'N/A', 'Teacher 3', '68e7481a0c66b.png', 't', 'a'),
(51, 'Jovie', 'Linggas', 'Evangelista', '5914540', 'evangelistaj@gmail.com', '$2y$10$O7YTYo5Z9uOhDJ89uZtyu.X77yVmfFU35CKNuPN9H9GT0WrkbJsgG', 'Female', '0000-00-00', 0, 'N/A', 'N/A', 'N/A', 'N/A', 'N/A', 'Teacher 1', '68e7499ff1199.png', 't', 'a'),
(52, 'Elsa', 'Pacamara', 'Mabini', '4365006', 'mabinie@gmail.com', '$2y$10$LbIoreDpQETP5ReInuf5GOCNZkqn85epqWUi3g3C7Navi7RqXyJnS', 'Female', '0000-00-00', 0, 'N/A', 'N/A', 'N/A', 'N/A', 'N/A', 'Teacher 3', '68e74ac684d5a.png', 't', 'a'),
(53, 'Syrelle France', 'Samson', 'Paterter', '6314954', 'paterters@gmail.com', '$2y$10$lDMFy34gQRkkmOXTMmCbs.yabqXlmzEw1XzG3T9V7cqtGda.U1Vlu', 'Female', '0000-00-00', 0, 'N/A', 'N/A', 'N/A', 'N/A', 'N/A', 'Teacher 3', '68e74c3053a8b.png', 't', 'a'),
(54, 'Mark Erick', 'Padua', 'Serrano', '120503', 'test1@gmail.com', '$2y$10$wWqTxLuJ4jutyWzrLb4ZTeHEhj9VhDMNMq5PLu0rhr3oQpMlFcpAe', 'Male', '0000-00-00', 0, 'N/A', 'N/A', 'N/A', 'N/A', 'N/A', 'Principal 4', 'teacher.png', 't', 'a');

-- --------------------------------------------------------

--
-- Table structure for table `teacher_positions`
--

CREATE TABLE `teacher_positions` (
  `id` int(11) NOT NULL,
  `teacher_id` int(11) NOT NULL,
  `position_id` int(11) NOT NULL,
  `start_date` date DEFAULT NULL,
  `end_date` date DEFAULT NULL
) ENGINE=InnoDB DEFAULT CHARSET=utf8mb4 COLLATE=utf8mb4_general_ci;

--
-- Dumping data for table `teacher_positions`
--

INSERT INTO `teacher_positions` (`id`, `teacher_id`, `position_id`, `start_date`, `end_date`) VALUES
(3, 18, 13, '2018-09-26', '2025-10-14'),
(14, 34, 31, '2022-06-13', NULL),
(15, 32, 25, '2016-06-13', NULL),
(17, 38, 31, '2021-06-07', NULL),
(18, 39, 9, '2022-02-01', NULL),
(19, 6, 3, '2016-06-01', NULL),
(20, 20, 8, '2015-06-01', NULL),
(21, 3, 3, '2017-06-01', NULL),
(22, 40, 3, '2014-06-01', NULL),
(23, 41, 10, '2014-06-01', NULL),
(24, 42, 10, '2015-06-01', NULL),
(25, 30, 2, '2014-06-01', NULL),
(26, 52, 3, '2017-06-01', NULL),
(27, 46, 3, '2015-06-01', NULL),
(28, 21, 8, '2014-06-01', NULL),
(29, 45, 3, '2015-06-01', NULL),
(30, 48, 8, '2016-06-01', NULL),
(31, 44, 3, '2015-06-01', NULL),
(32, 43, 3, '2016-06-01', NULL),
(33, 47, 3, '2013-06-01', NULL),
(34, 29, 8, '2016-06-01', NULL),
(35, 23, 3, '2016-06-01', NULL),
(36, 50, 3, '2016-06-01', NULL),
(37, 49, 2, '2018-06-01', NULL),
(38, 51, 1, '2018-06-01', NULL),
(39, 53, 3, '2018-06-01', NULL),
(40, 31, 18, '2018-06-01', NULL),
(41, 33, 23, '2018-06-01', NULL),
(42, 54, 16, '2025-10-15', NULL);

--
-- Indexes for dumped tables
--

--
-- Indexes for table `event_calendar`
--
ALTER TABLE `event_calendar`
  ADD PRIMARY KEY (`id`);

--
-- Indexes for table `grades`
--
ALTER TABLE `grades`
  ADD PRIMARY KEY (`grade_id`),
  ADD UNIQUE KEY `unique_grade` (`pupil_id`,`subject_id`,`quarter`,`sy_id`),
  ADD KEY `subject_id` (`subject_id`),
  ADD KEY `sy_id` (`sy_id`);

--
-- Indexes for table `grade_levels`
--
ALTER TABLE `grade_levels`
  ADD PRIMARY KEY (`grade_level_id`);

--
-- Indexes for table `ph_addresses`
--
ALTER TABLE `ph_addresses`
  ADD PRIMARY KEY (`id`);

--
-- Indexes for table `positions`
--
ALTER TABLE `positions`
  ADD PRIMARY KEY (`position_id`),
  ADD UNIQUE KEY `position_name` (`position_name`);

--
-- Indexes for table `pupils`
--
ALTER TABLE `pupils`
  ADD PRIMARY KEY (`pupil_id`),
  ADD KEY `sy_id` (`sy_id`),
  ADD KEY `section_id` (`section_id`),
  ADD KEY `fk_pupils_teacher` (`teacher_id`);

--
-- Indexes for table `school_years`
--
ALTER TABLE `school_years`
  ADD PRIMARY KEY (`sy_id`);

--
-- Indexes for table `sections`
--
ALTER TABLE `sections`
  ADD PRIMARY KEY (`section_id`),
  ADD KEY `grade_level_id` (`grade_level_id`),
  ADD KEY `adviser_id` (`teacher_id`),
  ADD KEY `sy_id` (`sy_id`);

--
-- Indexes for table `section_name`
--
ALTER TABLE `section_name`
  ADD PRIMARY KEY (`section_name_id`);

--
-- Indexes for table `subjects`
--
ALTER TABLE `subjects`
  ADD PRIMARY KEY (`subject_id`),
  ADD KEY `grade_level_id` (`grade_level_id`),
  ADD KEY `sy_id` (`sy_id`),
  ADD KEY `parent_subject_id` (`parent_subject_id`);

--
-- Indexes for table `teachers`
--
ALTER TABLE `teachers`
  ADD PRIMARY KEY (`teacher_id`);

--
-- Indexes for table `teacher_positions`
--
ALTER TABLE `teacher_positions`
  ADD PRIMARY KEY (`id`),
  ADD KEY `teacher_id` (`teacher_id`),
  ADD KEY `position_id` (`position_id`);

--
-- AUTO_INCREMENT for dumped tables
--

--
-- AUTO_INCREMENT for table `event_calendar`
--
ALTER TABLE `event_calendar`
  MODIFY `id` int(11) NOT NULL AUTO_INCREMENT, AUTO_INCREMENT=39;

--
-- AUTO_INCREMENT for table `grades`
--
ALTER TABLE `grades`
  MODIFY `grade_id` int(11) NOT NULL AUTO_INCREMENT, AUTO_INCREMENT=7505;

--
-- AUTO_INCREMENT for table `grade_levels`
--
ALTER TABLE `grade_levels`
  MODIFY `grade_level_id` int(11) NOT NULL AUTO_INCREMENT, AUTO_INCREMENT=29;

--
-- AUTO_INCREMENT for table `ph_addresses`
--
ALTER TABLE `ph_addresses`
  MODIFY `id` int(11) NOT NULL AUTO_INCREMENT, AUTO_INCREMENT=793;

--
-- AUTO_INCREMENT for table `positions`
--
ALTER TABLE `positions`
  MODIFY `position_id` int(11) NOT NULL AUTO_INCREMENT, AUTO_INCREMENT=32;

--
-- AUTO_INCREMENT for table `pupils`
--
ALTER TABLE `pupils`
  MODIFY `pupil_id` int(11) NOT NULL AUTO_INCREMENT, AUTO_INCREMENT=1241;

--
-- AUTO_INCREMENT for table `school_years`
--
ALTER TABLE `school_years`
  MODIFY `sy_id` int(11) NOT NULL AUTO_INCREMENT, AUTO_INCREMENT=30;

--
-- AUTO_INCREMENT for table `sections`
--
ALTER TABLE `sections`
  MODIFY `section_id` int(11) NOT NULL AUTO_INCREMENT, AUTO_INCREMENT=61;

--
-- AUTO_INCREMENT for table `section_name`
--
ALTER TABLE `section_name`
  MODIFY `section_name_id` int(11) NOT NULL AUTO_INCREMENT, AUTO_INCREMENT=11;

--
-- AUTO_INCREMENT for table `subjects`
--
ALTER TABLE `subjects`
  MODIFY `subject_id` int(11) NOT NULL AUTO_INCREMENT, AUTO_INCREMENT=156;

--
-- AUTO_INCREMENT for table `teachers`
--
ALTER TABLE `teachers`
  MODIFY `teacher_id` int(11) NOT NULL AUTO_INCREMENT, AUTO_INCREMENT=55;

--
-- AUTO_INCREMENT for table `teacher_positions`
--
ALTER TABLE `teacher_positions`
  MODIFY `id` int(11) NOT NULL AUTO_INCREMENT, AUTO_INCREMENT=43;

--
-- Constraints for dumped tables
--

--
-- Constraints for table `grades`
--
ALTER TABLE `grades`
  ADD CONSTRAINT `grades_ibfk_1` FOREIGN KEY (`pupil_id`) REFERENCES `pupils` (`pupil_id`),
  ADD CONSTRAINT `grades_ibfk_2` FOREIGN KEY (`subject_id`) REFERENCES `subjects` (`subject_id`),
  ADD CONSTRAINT `grades_ibfk_3` FOREIGN KEY (`sy_id`) REFERENCES `school_years` (`sy_id`);

--
-- Constraints for table `pupils`
--
ALTER TABLE `pupils`
  ADD CONSTRAINT `fk_pupils_teacher` FOREIGN KEY (`teacher_id`) REFERENCES `teachers` (`teacher_id`),
  ADD CONSTRAINT `pupils_ibfk_1` FOREIGN KEY (`sy_id`) REFERENCES `school_years` (`sy_id`),
  ADD CONSTRAINT `pupils_ibfk_2` FOREIGN KEY (`section_id`) REFERENCES `sections` (`section_id`);

--
-- Constraints for table `sections`
--
ALTER TABLE `sections`
  ADD CONSTRAINT `sections_ibfk_1` FOREIGN KEY (`grade_level_id`) REFERENCES `grade_levels` (`grade_level_id`),
  ADD CONSTRAINT `sections_ibfk_2` FOREIGN KEY (`teacher_id`) REFERENCES `teachers` (`teacher_id`),
  ADD CONSTRAINT `sections_ibfk_3` FOREIGN KEY (`sy_id`) REFERENCES `school_years` (`sy_id`);

--
-- Constraints for table `subjects`
--
ALTER TABLE `subjects`
  ADD CONSTRAINT `subjects_ibfk_1` FOREIGN KEY (`grade_level_id`) REFERENCES `grade_levels` (`grade_level_id`),
  ADD CONSTRAINT `subjects_ibfk_2` FOREIGN KEY (`sy_id`) REFERENCES `school_years` (`sy_id`),
  ADD CONSTRAINT `subjects_ibfk_3` FOREIGN KEY (`parent_subject_id`) REFERENCES `subjects` (`subject_id`);

--
-- Constraints for table `teacher_positions`
--
ALTER TABLE `teacher_positions`
  ADD CONSTRAINT `teacher_positions_ibfk_1` FOREIGN KEY (`teacher_id`) REFERENCES `teachers` (`teacher_id`),
  ADD CONSTRAINT `teacher_positions_ibfk_2` FOREIGN KEY (`position_id`) REFERENCES `positions` (`position_id`);
COMMIT;

/*!40101 SET CHARACTER_SET_CLIENT=@OLD_CHARACTER_SET_CLIENT */;
/*!40101 SET CHARACTER_SET_RESULTS=@OLD_CHARACTER_SET_RESULTS */;
/*!40101 SET COLLATION_CONNECTION=@OLD_COLLATION_CONNECTION */;
